<environmentvariabledefinition schemaname="cps_TeamId">
  <description default="ID of the Team used for messaging">
    <label description="ID of the Team used for messaging" languagecode="1033" />
  </description>
  <displayname default="TeamId">
    <label description="TeamId" languagecode="1033" />
  </displayname>
  <introducedversion>1.0.0.6</introducedversion>
  <iscustomizable>1</iscustomizable>
  <isrequired>0</isrequired>
  <secretstore>0</secretstore>
  <type>100000000</type>
</environmentvariabledefinition>