{
  "properties": {
    "connectionReferences": {
      "shared_commondataserviceforapps": {
        "runtimeSource": "embedded",
        "connection": {
          "connectionReferenceLogicalName": "cps_sharedcommondataserviceforapps_58ff7"
        },
        "api": {
          "name": "shared_commondataserviceforapps"
        }
      },
      "shared_teams": {
        "runtimeSource": "embedded",
        "connection": {
          "connectionReferenceLogicalName": "cps_sharedteams_2b361"
        },
        "api": {
          "name": "shared_teams"
        }
      }
    },
    "definition": {
      "$schema": "https://schema.management.azure.com/providers/Microsoft.Logic/schemas/2016-06-01/workflowdefinition.json#",
      "contentVersion": "1.0.0.0",
      "parameters": {
        "$connections": {
          "defaultValue": {},
          "type": "Object"
        },
        "$authentication": {
          "defaultValue": {},
          "type": "SecureObject"
        },
        "TeamId (cps_TeamId)": {
          "defaultValue": "6e1ce11b-8e8e-4d97-95c1-6d3b82aa0558",
          "type": "String",
          "metadata": {
            "schemaName": "cps_TeamId",
            "description": "ID of the Team used for messaging"
          }
        },
        "ChannelId (cps_ChannelId)": {
          "defaultValue": "19:dac6217e982644d4adc7548b3b871fef@thread.tacv2",
          "type": "String",
          "metadata": {
            "schemaName": "cps_ChannelId",
            "description": "ID of the channel that the conversations take place in"
          }
        }
      },
      "triggers": {
        "When_keywords_are_mentioned": {
          "metadata": {
            "operationMetadataId": "3a6da47b-d67a-4143-b419-84b9a67bc35c"
          },
          "type": "OpenApiConnectionWebhook",
          "inputs": {
            "host": {
              "connectionName": "shared_teams",
              "operationId": "WebhookKeywordTrigger",
              "apiId": "/providers/Microsoft.PowerApps/apis/shared_teams"
            },
            "parameters": {
              "threadType": "channel",
              "$search": "CheckResults",
              "requestBody/groupId": "@parameters('TeamId (cps_TeamId)')",
              "requestBody/channels": [
                "@parameters('ChannelId (cps_ChannelId)')"
              ]
            },
            "authentication": "@parameters('$authentication')"
          }
        }
      },
      "actions": {
        "Get_top_entry_by_distance": {
          "runAfter": {
            "Initialize_Current_Image_Url": [
              "Succeeded"
            ]
          },
          "metadata": {
            "operationMetadataId": "a9266c05-0ed4-44ad-b740-beb572d11ba1"
          },
          "type": "OpenApiConnection",
          "inputs": {
            "host": {
              "connectionName": "shared_commondataserviceforapps",
              "operationId": "ListRecords",
              "apiId": "/providers/Microsoft.PowerApps/apis/shared_commondataserviceforapps"
            },
            "parameters": {
              "entityName": "cps_dailychallengeentries",
              "$filter": "cps_submitteddate eq '@{formatDateTime(utcNow(),'yyyy-MM-dd')}'",
              "$orderby": "cps_distancefrom",
              "$top": 1
            },
            "authentication": "@parameters('$authentication')"
          }
        },
        "Apply_to_each": {
          "foreach": "@outputs('Get_top_entry_by_distance')?['body/value']",
          "actions": {
            "Get_an_@mention_token_for_a_user": {
              "runAfter": {},
              "metadata": {
                "operationMetadataId": "9a4b76bd-f9d6-4440-bb24-404f89e7baca"
              },
              "type": "OpenApiConnection",
              "inputs": {
                "host": {
                  "connectionName": "shared_teams",
                  "operationId": "AtMentionUser",
                  "apiId": "/providers/Microsoft.PowerApps/apis/shared_teams"
                },
                "parameters": {
                  "userId": "@items('Apply_to_each')?['cps_submitteremail']"
                },
                "authentication": "@parameters('$authentication')"
              }
            },
            "Apply_to_each_5": {
              "foreach": "@outputs('Get_current_challenge')?['body/value']",
              "actions": {
                "Post_adaptive_card_in_a_chat_or_channel": {
                  "runAfter": {},
                  "metadata": {
                    "operationMetadataId": "871e60aa-10d6-448c-84a6-cc76644d00d2"
                  },
                  "type": "OpenApiConnection",
                  "inputs": {
                    "host": {
                      "connectionName": "shared_teams",
                      "operationId": "PostCardToConversation",
                      "apiId": "/providers/Microsoft.PowerApps/apis/shared_teams"
                    },
                    "parameters": {
                      "poster": "Flow bot",
                      "location": "Channel",
                      "body/recipient/groupId": "@parameters('TeamId (cps_TeamId)')",
                      "body/recipient/channelId": "@parameters('ChannelId (cps_ChannelId)')",
                      "body/messageBody": "{\n    \"type\": \"AdaptiveCard\",\n    \"body\": [\n        {\n            \"type\": \"TextBlock\",\n            \"size\": \"Medium\",\n            \"weight\": \"Bolder\",\n            \"text\": \"We have a winner!\"\n        },\n        {\n            \"type\": \"TextBlock\",\n            \"text\": \"Congratulations @{outputs('Get_an_@mention_token_for_a_user')?['body/atMention']}\",\n            \"wrap\": true\n        },\n        {\n            \"type\": \"Image\",\n            \"url\":\"@{items('Apply_to_each_5')?['cps_photourl']}\"\n        },\n        {\n            \"type\": \"TextBlock\",\n            \"text\": \"The location was @{items('Apply_to_each_5')?['cps_extractedlocation']}. The guess (@{items('Apply_to_each')?['cps_imageresponse']}) was @{items('Apply_to_each')?['cps_distancefrom']}km away.\",\n            \"wrap\": true\n        }\n    ],\n    \"$schema\": \"http://adaptivecards.io/schemas/adaptive-card.json\",\n    \"version\": \"1.3\"\n}"
                    },
                    "authentication": "@parameters('$authentication')"
                  }
                }
              },
              "runAfter": {
                "Get_an_@mention_token_for_a_user": [
                  "Succeeded"
                ]
              },
              "metadata": {
                "operationMetadataId": "eb0540e6-89e7-4e82-b0fd-a34dbc19650a"
              },
              "type": "Foreach"
            }
          },
          "runAfter": {
            "Apply_to_each_3": [
              "Succeeded"
            ]
          },
          "metadata": {
            "operationMetadataId": "12903317-5a97-4f46-b2b0-e46b848f81a1"
          },
          "type": "Foreach"
        },
        "Initialize_Current_Image_Url": {
          "runAfter": {},
          "metadata": {
            "operationMetadataId": "8930ebad-6e2e-4c7b-aa4a-c8e18d19b59b"
          },
          "type": "InitializeVariable",
          "inputs": {
            "variables": [
              {
                "name": "Current Image Url",
                "type": "string"
              }
            ]
          }
        },
        "Get_current_challenge": {
          "runAfter": {
            "Get_top_entry_by_distance": [
              "Succeeded"
            ]
          },
          "metadata": {
            "operationMetadataId": "37f70346-f06c-42e4-9f86-e996554b66c8"
          },
          "type": "OpenApiConnection",
          "inputs": {
            "host": {
              "connectionName": "shared_commondataserviceforapps",
              "operationId": "ListRecords",
              "apiId": "/providers/Microsoft.PowerApps/apis/shared_commondataserviceforapps"
            },
            "parameters": {
              "entityName": "cps_dailychallenges",
              "$filter": "cps_publishedtime eq '@{formatDateTime(utcNow(),'yyyy-MM-dd')}'",
              "$top": 1
            },
            "authentication": "@parameters('$authentication')"
          }
        },
        "Apply_to_each_3": {
          "foreach": "@outputs('Get_current_challenge')?['body/value']",
          "actions": {
            "Apply_to_each_4": {
              "foreach": "@outputs('Get_top_entry_by_distance')?['body/value']",
              "actions": {
                "Update_a_row": {
                  "runAfter": {},
                  "metadata": {
                    "operationMetadataId": "be2946b1-7703-4847-a054-8f3a50c907a3"
                  },
                  "type": "OpenApiConnection",
                  "inputs": {
                    "host": {
                      "connectionName": "shared_commondataserviceforapps",
                      "operationId": "UpdateRecord",
                      "apiId": "/providers/Microsoft.PowerApps/apis/shared_commondataserviceforapps"
                    },
                    "parameters": {
                      "entityName": "cps_dailychallenges",
                      "recordId": "@items('Apply_to_each_3')?['cps_dailychallengeid']",
                      "item/cps_name": "@items('Apply_to_each_3')?['cps_name']",
                      "item/cps_dailychallengestatus": 923180003,
                      "item/cps_distancetoentry": "@items('Apply_to_each_4')?['cps_distancefrom']"
                    },
                    "authentication": "@parameters('$authentication')"
                  }
                }
              },
              "runAfter": {},
              "metadata": {
                "operationMetadataId": "63d92174-8129-4535-8f42-7400a54861df"
              },
              "type": "Foreach"
            }
          },
          "runAfter": {
            "Get_current_challenge": [
              "Succeeded"
            ]
          },
          "metadata": {
            "operationMetadataId": "4853251c-0771-4e32-9209-52ef517636ef"
          },
          "type": "Foreach"
        }
      }
    },
    "templateName": ""
  },
  "schemaVersion": "1.0.0.0"
}