{
  "properties": {
    "connectionReferences": {
      "shared_commondataserviceforapps": {
        "runtimeSource": "embedded",
        "connection": {
          "connectionReferenceLogicalName": "cps_sharedcommondataserviceforapps_58ff7"
        },
        "api": {
          "name": "shared_commondataserviceforapps"
        }
      },
      "shared_teams": {
        "runtimeSource": "embedded",
        "connection": {
          "connectionReferenceLogicalName": "cps_sharedteams_2b361"
        },
        "api": {
          "name": "shared_teams"
        }
      },
      "shared_teams_1": {
        "runtimeSource": "embedded",
        "connection": {
          "connectionReferenceLogicalName": "cps_sharedteams_43ed4"
        },
        "api": {
          "name": "shared_teams"
        }
      }
    },
    "definition": {
      "$schema": "https://schema.management.azure.com/providers/Microsoft.Logic/schemas/2016-06-01/workflowdefinition.json#",
      "contentVersion": "1.0.0.0",
      "parameters": {
        "$connections": {
          "defaultValue": {},
          "type": "Object"
        },
        "$authentication": {
          "defaultValue": {},
          "type": "SecureObject"
        },
        "TeamId (cps_TeamId)": {
          "defaultValue": "6e1ce11b-8e8e-4d97-95c1-6d3b82aa0558",
          "type": "String",
          "metadata": {
            "schemaName": "cps_TeamId",
            "description": "ID of the Team used for messaging"
          }
        },
        "ChannelId (cps_ChannelId)": {
          "defaultValue": "19:dac6217e982644d4adc7548b3b871fef@thread.tacv2",
          "type": "String",
          "metadata": {
            "schemaName": "cps_ChannelId",
            "description": "ID of the channel that the conversations take place in"
          }
        },
        "Channel Webhook Url (cps_ChannelWebhookUrl)": {
          "defaultValue": "https://cpsglobaldev.webhook.office.com/webhookb2/6e1ce11b-8e8e-4d97-95c1-6d3b82aa0558@c87c19c7-b6c2-4a84-ad61-7718df48ae7c/IncomingWebhook/27dc7f13faf04eedb016980328d45562/f076bed9-8515-4059-9ef1-e39fd1793380",
          "type": "String",
          "metadata": {
            "schemaName": "cps_ChannelWebhookUrl"
          }
        }
      },
      "triggers": {
        "Recurrence": {
          "recurrence": {
            "frequency": "Day",
            "interval": 1,
            "startTime": "2022-10-26T08:30:00Z"
          },
          "metadata": {
            "operationMetadataId": "733630c8-d86a-4637-a41a-c0b562bf1d70"
          },
          "type": "Recurrence"
        }
      },
      "actions": {
        "Get_previous_winner": {
          "actions": {
            "List_rows": {
              "runAfter": {},
              "metadata": {
                "operationMetadataId": "c08f74e3-c6ac-48fa-94ca-9715c06a0807"
              },
              "type": "OpenApiConnection",
              "inputs": {
                "host": {
                  "connectionName": "shared_commondataserviceforapps",
                  "operationId": "ListRecords",
                  "apiId": "/providers/Microsoft.PowerApps/apis/shared_commondataserviceforapps"
                },
                "parameters": {
                  "entityName": "cps_dailychallenges",
                  "$filter": "cps_publishedtime lt '@{utcNow()}'",
                  "$orderby": "cps_publishedtime desc"
                },
                "authentication": "@parameters('$authentication')"
              }
            },
            "Apply_to_each": {
              "foreach": "@outputs('List_rows')?['body/value']",
              "actions": {
                "Compose": {
                  "runAfter": {
                    "Set_current_winner": [
                      "Succeeded"
                    ]
                  },
                  "metadata": {
                    "operationMetadataId": "40498500-1782-4298-907a-14b282ff2f85"
                  },
                  "type": "Compose",
                  "inputs": "@items('Apply_to_each')?['cps_publishedtime']"
                },
                "Set_current_winner": {
                  "runAfter": {},
                  "metadata": {
                    "operationMetadataId": "931edcd5-9cda-4853-aad5-9eefcb1e8638"
                  },
                  "type": "SetVariable",
                  "inputs": {
                    "name": "PreviousWinner",
                    "value": "@items('Apply_to_each')?['cps_winneremail']"
                  }
                }
              },
              "runAfter": {
                "List_rows": [
                  "Succeeded"
                ]
              },
              "metadata": {
                "operationMetadataId": "f8b3bc2d-fd19-4bda-9ebd-3c0fba5ab8c8"
              },
              "type": "Foreach"
            },
            "Condition": {
              "actions": {},
              "runAfter": {
                "Apply_to_each": [
                  "Succeeded",
                  "Failed",
                  "Skipped"
                ]
              },
              "else": {
                "actions": {
                  "Set_variable": {
                    "runAfter": {},
                    "metadata": {
                      "operationMetadataId": "c9406e68-7a1a-4f50-98d3-2bedb837b269"
                    },
                    "type": "SetVariable",
                    "inputs": {
                      "name": "PreviousWinner",
                      "value": "kevin.mcdonnell@cpsglobaldev.onmicrosoft.com"
                    }
                  }
                }
              },
              "expression": {
                "not": {
                  "equals": [
                    "@variables('PreviousWinner')",
                    "@''"
                  ]
                }
              },
              "metadata": {
                "operationMetadataId": "2be2a8b3-63a3-4aa6-8432-c032ce005c85"
              },
              "type": "If"
            }
          },
          "runAfter": {
            "Switch": [
              "Succeeded"
            ]
          },
          "metadata": {
            "operationMetadataId": "747bf8f3-958c-45cb-aeed-49e53372267b"
          },
          "type": "Scope"
        },
        "Initialize_previous_winner": {
          "runAfter": {},
          "metadata": {
            "operationMetadataId": "50986bd8-c373-42b7-8e71-4938c6cbdbab"
          },
          "type": "InitializeVariable",
          "inputs": {
            "variables": [
              {
                "name": "PreviousWinner",
                "type": "string"
              }
            ]
          }
        },
        "Initialize_photo_source": {
          "runAfter": {
            "Initialize_previous_winner": [
              "Succeeded"
            ]
          },
          "metadata": {
            "operationMetadataId": "5731abe9-90c9-4fbf-931a-d342ca91cdf0"
          },
          "type": "InitializeVariable",
          "inputs": {
            "variables": [
              {
                "name": "PhotoSource",
                "type": "string",
                "value": "Bing"
              }
            ]
          }
        },
        "Get_Where_On_Earth_Settings": {
          "actions": {
            "Retrieve_Where_On_Earth_Settings": {
              "runAfter": {},
              "metadata": {
                "operationMetadataId": "bfee959d-a154-4594-9162-f248d1b00319"
              },
              "type": "OpenApiConnection",
              "inputs": {
                "host": {
                  "connectionName": "shared_commondataserviceforapps",
                  "operationId": "ListRecords",
                  "apiId": "/providers/Microsoft.PowerApps/apis/shared_commondataserviceforapps"
                },
                "parameters": {
                  "entityName": "cps_whereonearthsettingses",
                  "$top": 1
                },
                "authentication": "@parameters('$authentication')"
              }
            },
            "Apply_to_each_2": {
              "foreach": "@outputs('Retrieve_Where_On_Earth_Settings')?['body/value']",
              "actions": {
                "Set_photo_source": {
                  "runAfter": {},
                  "metadata": {
                    "operationMetadataId": "586143cd-bd49-4e0a-ae2e-c43dc4349e9d"
                  },
                  "type": "SetVariable",
                  "inputs": {
                    "name": "PhotoSource",
                    "value": "@{items('Apply_to_each_2')?['cps_photosource@OData.Community.Display.V1.FormattedValue']}"
                  }
                },
                "Set_Bing_Region": {
                  "runAfter": {
                    "Set_photo_source": [
                      "Succeeded"
                    ]
                  },
                  "metadata": {
                    "operationMetadataId": "8fcac857-7d78-414d-b0b7-94f89d9d3930"
                  },
                  "type": "SetVariable",
                  "inputs": {
                    "name": "Bing Region",
                    "value": "@items('Apply_to_each_2')?['cps_bingcountry']"
                  }
                },
                "Set_Bing_Index": {
                  "runAfter": {
                    "Set_Bing_Region": [
                      "Succeeded"
                    ]
                  },
                  "metadata": {
                    "operationMetadataId": "78d95fb6-b247-4b4e-b41d-3815bdac8b64"
                  },
                  "type": "SetVariable",
                  "inputs": {
                    "name": "Bing Region Index",
                    "value": "@items('Apply_to_each_2')?['cps_bingcountryindex']"
                  }
                }
              },
              "runAfter": {
                "Parse_JSON": [
                  "Succeeded"
                ]
              },
              "metadata": {
                "operationMetadataId": "30d932dc-baa3-4beb-b3a1-215b9a39dc71"
              },
              "type": "Foreach"
            },
            "Parse_JSON": {
              "runAfter": {
                "Retrieve_Where_On_Earth_Settings": [
                  "Succeeded"
                ]
              },
              "metadata": {
                "operationMetadataId": "22df4531-0ab1-4386-ae83-e25563f496c2"
              },
              "type": "ParseJson",
              "inputs": {
                "content": "@outputs('Retrieve_Where_On_Earth_Settings')?['body/value']",
                "schema": {}
              }
            }
          },
          "runAfter": {
            "Initialize_response_message": [
              "Succeeded"
            ]
          },
          "metadata": {
            "operationMetadataId": "50d5ca0a-a9b6-47bd-bc2c-8ae179b6d1f1"
          },
          "type": "Scope"
        },
        "Switch": {
          "runAfter": {
            "Get_Where_On_Earth_Settings": [
              "Succeeded"
            ]
          },
          "cases": {
            "Case": {
              "case": "Google",
              "actions": {
                "Run_a_Child_Flow": {
                  "runAfter": {},
                  "type": "Workflow",
                  "inputs": {
                    "host": {
                      "workflowReferenceName": "e2f16f66-0e51-ed11-bba2-0022481b7378"
                    }
                  }
                },
                "Set_Google_Latitude": {
                  "runAfter": {
                    "Run_a_Child_Flow": [
                      "Succeeded"
                    ]
                  },
                  "type": "SetVariable",
                  "inputs": {
                    "name": "Latitude",
                    "value": "@body('Run_a_Child_Flow')?['latitude']"
                  }
                },
                "Set_Google_Longitude": {
                  "runAfter": {
                    "Set_Google_Latitude": [
                      "Succeeded"
                    ]
                  },
                  "type": "SetVariable",
                  "inputs": {
                    "name": "Longitude",
                    "value": "@body('Run_a_Child_Flow')?['longitude']"
                  }
                },
                "Set_Google_Image_Url": {
                  "runAfter": {
                    "Set_Google_Longitude": [
                      "Succeeded"
                    ]
                  },
                  "type": "SetVariable",
                  "inputs": {
                    "name": "Current Image Url",
                    "value": "@body('Run_a_Child_Flow')?['currentimageurl']"
                  }
                },
                "Set_Location_Text": {
                  "runAfter": {
                    "Set_Google_Image_Url": [
                      "Succeeded"
                    ]
                  },
                  "type": "SetVariable",
                  "inputs": {
                    "name": "Location Text",
                    "value": "@body('Run_a_Child_Flow')?['locationname']"
                  }
                }
              }
            }
          },
          "default": {
            "actions": {
              "Run_a_Child_Flow_2": {
                "runAfter": {},
                "type": "Workflow",
                "inputs": {
                  "host": {
                    "workflowReferenceName": "d602135b-6551-ed11-bba2-0022481b7378"
                  },
                  "body": {
                    "text": "@variables('Bing Region')"
                  }
                }
              },
              "Set_Bing_Latitude": {
                "runAfter": {
                  "Run_a_Child_Flow_2": [
                    "Succeeded"
                  ]
                },
                "type": "SetVariable",
                "inputs": {
                  "name": "Latitude",
                  "value": "@body('Run_a_Child_Flow_2')?['latitude']"
                }
              },
              "Set_Bing_Longitude": {
                "runAfter": {
                  "Set_Bing_Latitude": [
                    "Succeeded"
                  ]
                },
                "type": "SetVariable",
                "inputs": {
                  "name": "Longitude",
                  "value": "@body('Run_a_Child_Flow_2')?['longitude']"
                }
              },
              "Set_Bing_Image_Url": {
                "runAfter": {
                  "Set_Bing_Longitude": [
                    "Succeeded"
                  ]
                },
                "type": "SetVariable",
                "inputs": {
                  "name": "Current Image Url",
                  "value": "@body('Run_a_Child_Flow_2')?['currentimageurl']"
                }
              },
              "Set_Bing_Location_Text": {
                "runAfter": {
                  "Set_Bing_Image_Url": [
                    "Succeeded"
                  ]
                },
                "type": "SetVariable",
                "inputs": {
                  "name": "Location Text",
                  "value": "@body('Run_a_Child_Flow_2')?['locationname']"
                }
              }
            }
          },
          "expression": "@variables('PhotoSource')",
          "metadata": {
            "operationMetadataId": "003a061b-f7e8-4adc-80ef-67171d749507"
          },
          "type": "Switch"
        },
        "Initialize_Bing_Region": {
          "runAfter": {
            "Initialize_photo_source": [
              "Succeeded"
            ]
          },
          "metadata": {
            "operationMetadataId": "43ba0d4f-c037-4984-bb60-2380984096d1"
          },
          "type": "InitializeVariable",
          "inputs": {
            "variables": [
              {
                "name": "Bing Region",
                "type": "string"
              }
            ]
          }
        },
        "Initialize_Current_Image_Url": {
          "runAfter": {
            "Initialize_Bing_Country": [
              "Succeeded"
            ]
          },
          "metadata": {
            "operationMetadataId": "5fe8a0ad-2712-4760-8475-b20c56c5ede1"
          },
          "type": "InitializeVariable",
          "inputs": {
            "variables": [
              {
                "name": "Current Image Url",
                "type": "string"
              }
            ]
          }
        },
        "Initialize_winner_email": {
          "runAfter": {
            "Initialize_Current_Image_Url": [
              "Succeeded"
            ]
          },
          "metadata": {
            "operationMetadataId": "55329828-5269-400f-903a-a239741e22b6"
          },
          "type": "InitializeVariable",
          "inputs": {
            "variables": [
              {
                "name": "Winner Email",
                "type": "string"
              }
            ]
          }
        },
        "Manage_selections": {
          "actions": {
            "Get_an_@mention_token_for_a_user": {
              "runAfter": {},
              "metadata": {
                "operationMetadataId": "698fabdd-551d-4ae1-9f5d-ed0d5757259a"
              },
              "type": "OpenApiConnection",
              "inputs": {
                "host": {
                  "connectionName": "shared_teams",
                  "operationId": "AtMentionUser",
                  "apiId": "/providers/Microsoft.PowerApps/apis/shared_teams"
                },
                "parameters": {
                  "userId": "@variables('PreviousWinner')"
                },
                "authentication": "@parameters('$authentication')"
              }
            },
            "Loop_until_choice_made": {
              "actions": {
                "Do_until": {
                  "actions": {
                    "PostFirstImage": {
                      "runAfter": {},
                      "metadata": {
                        "operationMetadataId": "133de264-6854-4655-9b50-c1a728aa605e"
                      },
                      "type": "OpenApiConnectionWebhook",
                      "inputs": {
                        "host": {
                          "connectionName": "shared_teams",
                          "operationId": "PostCardAndWaitForResponse",
                          "apiId": "/providers/Microsoft.PowerApps/apis/shared_teams"
                        },
                        "parameters": {
                          "poster": "Flow bot",
                          "location": "Channel",
                          "body/body/messageBody": "@variables('Current card')",
                          "body/body/updateMessage": "Thanks for your response!",
                          "body/body/recipient/groupId": "@parameters('TeamId (cps_TeamId)')",
                          "body/body/recipient/channelId": "@parameters('ChannelId (cps_ChannelId)')"
                        },
                        "authentication": "@parameters('$authentication')"
                      }
                    },
                    "Handle_response": {
                      "runAfter": {
                        "PostFirstImage": [
                          "Succeeded"
                        ]
                      },
                      "cases": {
                        "Switch_To_Bing": {
                          "case": "SwitchToBing",
                          "actions": {
                            "Run_Switch_To_Bing": {
                              "runAfter": {},
                              "type": "Workflow",
                              "inputs": {
                                "host": {
                                  "workflowReferenceName": "edc4ecbb-6950-ed11-bba2-0022481b7378"
                                }
                              }
                            },
                            "Set_card_for_switch_to_bing": {
                              "runAfter": {
                                "Set_current_image_from_Bing": [
                                  "Succeeded"
                                ]
                              },
                              "type": "SetVariable",
                              "inputs": {
                                "name": "Current card",
                                "value": "{\n    \"type\": \"AdaptiveCard\",\n    \"body\": [\n        {\n            \"type\": \"TextBlock\",\n            \"size\": \"Medium\",\n            \"weight\": \"Bolder\",\n            \"text\": \"How about this Bing image from @{variables('Bing Country')}?\"\n        },\n        {\n            \"type\": \"TextBlock\",\n            \"text\": \"Choose the image below or click a button to get a new one.\",\n            \"wrap\": true\n        },\n        {\n            \"type\": \"Image\",\n            \"url\":\"@{variables('Current Image Url')}\"\n        }\n    ],\n    \"actions\": [\n        {\n            \"type\": \"Action.Submit\",\n            \"title\": \"Select image\",\n            \"id\":\"SelectImage\"\n        },\n       {\n            \"type\": \"Action.Submit\",\n            \"title\": \"Switch to Google\",\n            \"id\":\"SwitchToGoogle\"\n        },\n        {\n            \"type\": \"Action.Submit\",\n            \"title\": \"Try another image\",\n            \"id\":\"TryAnotherImage\"\n        }\n    ],\n    \"$schema\": \"http://adaptivecards.io/schemas/adaptive-card.json\",\n    \"version\": \"1.3\"\n}"
                              }
                            },
                            "Set_message_for_switch_to_bing": {
                              "runAfter": {
                                "Set_card_for_switch_to_bing": [
                                  "Succeeded"
                                ]
                              },
                              "type": "SetVariable",
                              "inputs": {
                                "name": "Response message",
                                "value": "Switching to Bing"
                              }
                            },
                            "Set_current_image_from_Bing": {
                              "runAfter": {
                                "Run_Switch_To_Bing": [
                                  "Succeeded"
                                ]
                              },
                              "type": "SetVariable",
                              "inputs": {
                                "name": "Current Image Url",
                                "value": "@body('Run_Switch_To_Bing')?['current_image_url']"
                              }
                            },
                            "Switch_Photo_Source_to_Bing": {
                              "runAfter": {
                                "Set_message_for_switch_to_bing": [
                                  "Succeeded"
                                ]
                              },
                              "type": "SetVariable",
                              "inputs": {
                                "name": "PhotoSource",
                                "value": "Bing"
                              }
                            }
                          }
                        },
                        "Switch_to_Google": {
                          "case": "SwitchToGoogle",
                          "actions": {
                            "Run_switch_to_google_flow": {
                              "runAfter": {},
                              "type": "Workflow",
                              "inputs": {
                                "host": {
                                  "workflowReferenceName": "538da78b-b850-ed11-bba2-0022481b7378"
                                }
                              }
                            },
                            "Set_current_image_from_google": {
                              "runAfter": {
                                "Run_switch_to_google_flow": [
                                  "Succeeded"
                                ]
                              },
                              "type": "SetVariable",
                              "inputs": {
                                "name": "Current Image Url",
                                "value": "@body('Run_switch_to_google_flow')?['current_image_url']"
                              }
                            },
                            "Set_card_for_switch_to_Google": {
                              "runAfter": {
                                "Set_current_image_from_google": [
                                  "Succeeded"
                                ]
                              },
                              "type": "SetVariable",
                              "inputs": {
                                "name": "Current card",
                                "value": "{\n    \"type\": \"AdaptiveCard\",\n    \"body\": [\n        {\n            \"type\": \"TextBlock\",\n            \"size\": \"Medium\",\n            \"weight\": \"Bolder\",\n            \"text\": \"How about this image from Google?\"\n        },\n        {\n            \"type\": \"TextBlock\",\n            \"text\": \"Choose the image below or click a button to get a new one.\",\n            \"wrap\": true\n        },\n        {\n            \"type\": \"Image\",\n            \"url\":\"@{variables('Current Image Url')}\"\n        }\n    ],\n    \"actions\": [\n        {\n            \"type\": \"Action.Submit\",\n            \"title\": \"Select image\",\n            \"id\":\"SelectImage\"\n        },\n       {\n            \"type\": \"Action.Submit\",\n            \"title\": \"Switch to Bing\",\n            \"id\":\"SwitchToBing\"\n        },\n        {\n            \"type\": \"Action.Submit\",\n            \"title\": \"Try another image\",\n            \"id\":\"TryAnotherImage\"\n        }\n    ],\n    \"$schema\": \"http://adaptivecards.io/schemas/adaptive-card.json\",\n    \"version\": \"1.3\"\n}"
                              }
                            },
                            "Set_response_message_from_Google": {
                              "runAfter": {
                                "Set_card_for_switch_to_Google": [
                                  "Succeeded"
                                ]
                              },
                              "type": "SetVariable",
                              "inputs": {
                                "name": "Response message",
                                "value": "Switching to Google"
                              }
                            },
                            "Switch_Photo_Source_to_Google": {
                              "runAfter": {
                                "Set_response_message_from_Google": [
                                  "Succeeded"
                                ]
                              },
                              "type": "SetVariable",
                              "inputs": {
                                "name": "PhotoSource",
                                "value": "Google"
                              }
                            }
                          }
                        },
                        "Try_another_image": {
                          "case": "TryAnotherImage",
                          "actions": {
                            "Check_photo_source": {
                              "actions": {
                                "Run_new_switch_to_Google": {
                                  "runAfter": {},
                                  "type": "Workflow",
                                  "inputs": {
                                    "host": {
                                      "workflowReferenceName": "538da78b-b850-ed11-bba2-0022481b7378"
                                    }
                                  }
                                },
                                "Set_new_image_from_Google": {
                                  "runAfter": {
                                    "Run_new_switch_to_Google": [
                                      "Succeeded"
                                    ]
                                  },
                                  "type": "SetVariable",
                                  "inputs": {
                                    "name": "Current Image Url",
                                    "value": "@{body('Run_new_switch_to_Google')?['current_image_url']}"
                                  }
                                },
                                "Set_card_for_new_Google_image": {
                                  "runAfter": {
                                    "Set_new_image_from_Google": [
                                      "Succeeded"
                                    ]
                                  },
                                  "type": "SetVariable",
                                  "inputs": {
                                    "name": "Current card",
                                    "value": "{\n    \"type\": \"AdaptiveCard\",\n    \"body\": [\n        {\n            \"type\": \"TextBlock\",\n            \"size\": \"Medium\",\n            \"weight\": \"Bolder\",\n            \"text\": \"How about this image from Google?\"\n        },\n        {\n            \"type\": \"TextBlock\",\n            \"text\": \"Choose the image below or click a button to get a new one.\",\n            \"wrap\": true\n        },\n        {\n            \"type\": \"Image\",\n            \"url\":\"@{variables('Current Image Url')}\"\n        }\n    ],\n    \"actions\": [\n        {\n            \"type\": \"Action.Submit\",\n            \"title\": \"Select image\",\n            \"id\":\"SelectImage\"\n        },\n       {\n            \"type\": \"Action.Submit\",\n            \"title\": \"Switch to Bing\",\n            \"id\":\"SwitchToBing\"\n        },\n        {\n            \"type\": \"Action.Submit\",\n            \"title\": \"Try another image\",\n            \"id\":\"TryAnotherImage\"\n        }\n    ],\n    \"$schema\": \"http://adaptivecards.io/schemas/adaptive-card.json\",\n    \"version\": \"1.3\"\n}"
                                  }
                                },
                                "Set_response_for_a_new_Google_Image": {
                                  "runAfter": {
                                    "Set_card_for_new_Google_image": [
                                      "Succeeded"
                                    ]
                                  },
                                  "type": "SetVariable",
                                  "inputs": {
                                    "name": "Response message",
                                    "value": "Trying another Google image"
                                  }
                                }
                              },
                              "runAfter": {},
                              "else": {
                                "actions": {
                                  "Set_next_Bing_Region": {
                                    "runAfter": {
                                      "Retrieve_next_Bing_Region": [
                                        "Succeeded"
                                      ]
                                    },
                                    "type": "SetVariable",
                                    "inputs": {
                                      "name": "Bing Region",
                                      "value": "@{body('Retrieve_next_Bing_Region')?['bing_region']}"
                                    }
                                  },
                                  "Retrieve_next_Bing_Region": {
                                    "runAfter": {},
                                    "type": "Workflow",
                                    "inputs": {
                                      "host": {
                                        "workflowReferenceName": "67f04c29-e155-ed11-9563-0022481b7378"
                                      },
                                      "body": {
                                        "number": "@variables('Bing Region Index')"
                                      }
                                    }
                                  },
                                  "Switch_to_Bing_for_new_image": {
                                    "runAfter": {
                                      "Set_new_Bing_Country": [
                                        "Succeeded"
                                      ]
                                    },
                                    "type": "Workflow",
                                    "inputs": {
                                      "host": {
                                        "workflowReferenceName": "edc4ecbb-6950-ed11-bba2-0022481b7378"
                                      }
                                    }
                                  },
                                  "Set_new_image_from_Bing": {
                                    "runAfter": {
                                      "Switch_to_Bing_for_new_image": [
                                        "Succeeded"
                                      ]
                                    },
                                    "type": "SetVariable",
                                    "inputs": {
                                      "name": "Current Image Url",
                                      "value": "@{body('Switch_to_Bing_for_new_image')?['current_image_url']}"
                                    }
                                  },
                                  "Set_card_for_new_Bing_image": {
                                    "runAfter": {
                                      "Set_new_image_from_Bing": [
                                        "Succeeded"
                                      ]
                                    },
                                    "type": "SetVariable",
                                    "inputs": {
                                      "name": "Current card",
                                      "value": "{\n    \"type\": \"AdaptiveCard\",\n    \"body\": [\n        {\n            \"type\": \"TextBlock\",\n            \"size\": \"Medium\",\n            \"weight\": \"Bolder\",\n            \"text\": \"How about this Bing image?\"\n        },\n        {\n            \"type\": \"TextBlock\",\n            \"text\": \"Choose the image below or click a button to get a new one.\",\n            \"wrap\": true\n        },\n        {\n            \"type\": \"Image\",\n            \"url\":\"@{variables('Current Image Url')}\"\n        }\n    ],\n    \"actions\": [\n        {\n            \"type\": \"Action.Submit\",\n            \"title\": \"Select image\",\n            \"id\":\"SelectImage\"\n        },\n       {\n            \"type\": \"Action.Submit\",\n            \"title\": \"Switch to Google\",\n            \"id\":\"SwitchToGoogle\"\n        },\n        {\n            \"type\": \"Action.Submit\",\n            \"title\": \"Try another image\",\n            \"id\":\"TryAnotherImage\"\n        }\n    ],\n    \"$schema\": \"http://adaptivecards.io/schemas/adaptive-card.json\",\n    \"version\": \"1.3\"\n}"
                                    }
                                  },
                                  "Set_response_for_a_new_Bing_image": {
                                    "runAfter": {
                                      "Set_card_for_new_Bing_image": [
                                        "Succeeded"
                                      ]
                                    },
                                    "type": "SetVariable",
                                    "inputs": {
                                      "name": "Response message",
                                      "value": "Trying another Bing region (@{variables('Bing Country')})"
                                    }
                                  },
                                  "Set_new_Bing_Country": {
                                    "runAfter": {
                                      "Set_next_Bing_Region": [
                                        "Succeeded"
                                      ]
                                    },
                                    "type": "SetVariable",
                                    "inputs": {
                                      "name": "Bing Country",
                                      "value": "@body('Retrieve_next_Bing_Region')?['bing_country']"
                                    }
                                  }
                                }
                              },
                              "expression": {
                                "equals": [
                                  "@variables('PhotoSource')",
                                  "Google"
                                ]
                              },
                              "type": "If"
                            }
                          }
                        },
                        "Select_Image": {
                          "case": "SelectImage",
                          "actions": {
                            "Set_choosing_status_to_false": {
                              "runAfter": {
                                "HTTP": [
                                  "Succeeded"
                                ]
                              },
                              "type": "SetVariable",
                              "inputs": {
                                "name": "In choosing status",
                                "value": "@false"
                              }
                            },
                            "Update_a_row": {
                              "runAfter": {},
                              "type": "OpenApiConnection",
                              "inputs": {
                                "host": {
                                  "connectionName": "shared_commondataserviceforapps",
                                  "operationId": "UpdateRecord",
                                  "apiId": "/providers/Microsoft.PowerApps/apis/shared_commondataserviceforapps"
                                },
                                "parameters": {
                                  "entityName": "cps_dailychallenges",
                                  "recordId": "@outputs('Add_a_new_row_2')?['body/cps_dailychallengeid']",
                                  "item/cps_dailychallengestatus": 923180002,
                                  "item/cps_latitude": "@float(variables('Latitude'))",
                                  "item/cps_longitude": "@float(variables('Longitude'))",
                                  "item/cps_photourl": "@variables('Current Image Url')"
                                },
                                "authentication": "@parameters('$authentication')"
                              }
                            },
                            "Post_adaptive_card_in_a_chat_or_channel": {
                              "runAfter": {
                                "Update_a_row": [
                                  "Succeeded"
                                ]
                              },
                              "type": "OpenApiConnection",
                              "inputs": {
                                "host": {
                                  "connectionName": "shared_teams_1",
                                  "operationId": "PostCardToConversation",
                                  "apiId": "/providers/Microsoft.PowerApps/apis/shared_teams"
                                },
                                "parameters": {
                                  "poster": "Flow bot",
                                  "location": "Channel",
                                  "body/recipient/groupId": "@parameters('TeamId (cps_TeamId)')",
                                  "body/recipient/channelId": "@parameters('ChannelId (cps_ChannelId)')",
                                  "body/messageBody": "{\n    \"type\": \"AdaptiveCard\",\n    \"body\": [\n        {\n            \"type\": \"TextBlock\",\n            \"size\": \"Medium\",\n            \"weight\": \"Bolder\",\n            \"text\": \"The image has been selected!\"\n        },\n        {\n            \"type\": \"TextBlock\",\n            \"text\": \"Check the image below and make a guess by writing 'WOE YourGuess'. There will be another post shortly with a mention to nudge you all\",\n            \"wrap\": true\n        },\n        {\n            \"type\": \"Image\",\n            \"url\":\"@{variables('Current Image Url')}\"\n        }\n    ],\n    \"$schema\": \"http://adaptivecards.io/schemas/adaptive-card.json\",\n    \"version\": \"1.3\"\n}"
                                },
                                "authentication": "@parameters('$authentication')"
                              }
                            },
                            "HTTP": {
                              "runAfter": {
                                "Post_adaptive_card_in_a_chat_or_channel": [
                                  "Succeeded"
                                ]
                              },
                              "type": "Http",
                              "inputs": {
                                "method": "POST",
                                "uri": "@parameters('Channel Webhook Url (cps_ChannelWebhookUrl)')",
                                "body": {
                                  "type": "message",
                                  "attachments": [
                                    {
                                      "contentType": "application/vnd.microsoft.card.adaptive",
                                      "content": {
                                        "$schema": "http://adaptivecards.io/schemas/adaptive-card.json",
                                        "type": "AdaptiveCard",
                                        "version": "1.4",
                                        "body": [
                                          {
                                            "type": "TextBlock",
                                            "id": "MentionTextBlock",
                                            "text": "Today's game is on!",
                                            "weight": "Bolder",
                                            "size": "Medium"
                                          },
                                          {
                                            "type": "TextBlock",
                                            "text": "Time to get your guesses in, <at>General</at>!",
                                            "size": "Medium"
                                          }
                                        ],
                                        "msteams": {
                                          "entities": [
                                            {
                                              "type": "mention",
                                              "text": "<at>General</at>",
                                              "mentioned": {
                                                "id": "@{parameters('ChannelId (cps_ChannelId)')}",
                                                "displayName": "General",
                                                "conversationIdentityType": "channel",
                                                "conversationIdentityType@odata.type": "#Microsoft.Teams.GraphSvc.conversationIdentityType"
                                              }
                                            }
                                          ]
                                        }
                                      }
                                    }
                                  ]
                                }
                              }
                            }
                          }
                        }
                      },
                      "default": {
                        "actions": {}
                      },
                      "expression": "@body('PostFirstImage')['submitActionId']",
                      "metadata": {
                        "operationMetadataId": "8c304a6c-654c-4039-a033-515449a0adc3"
                      },
                      "type": "Switch"
                    }
                  },
                  "runAfter": {},
                  "expression": "@equals(variables('In choosing status'), false)",
                  "limit": {
                    "count": 60,
                    "timeout": "PT1H"
                  },
                  "metadata": {
                    "operationMetadataId": "54b081c4-7b98-444f-8201-836c7e850daf"
                  },
                  "type": "Until"
                }
              },
              "runAfter": {
                "Set_initial_card": [
                  "Succeeded"
                ]
              },
              "metadata": {
                "operationMetadataId": "5ef9eb91-5cad-4c5c-8e29-b07031310734"
              },
              "type": "Scope"
            },
            "Set_initial_card": {
              "runAfter": {
                "Get_an_@mention_token_for_a_user": [
                  "Succeeded"
                ]
              },
              "metadata": {
                "operationMetadataId": "78cd1eae-1350-4974-8f13-762c40a35d62"
              },
              "type": "SetVariable",
              "inputs": {
                "name": "Current card",
                "value": "{\n    \"type\": \"AdaptiveCard\",\n    \"body\": [\n        {\n            \"type\": \"TextBlock\",\n            \"size\": \"Medium\",\n            \"weight\": \"Bolder\",\n            \"text\": \"Time to pick a new location, @{outputs('Get_an_@mention_token_for_a_user')?['body/atMention']}\"\n        },\n        {\n            \"type\": \"TextBlock\",\n            \"text\": \"Choose the image below or click a button to get a new one.\",\n            \"wrap\": true\n        },\n        {\n            \"type\": \"Image\",\n            \"url\":\"@{variables('Current Image Url')}\"\n        }\n    ],\n    \"actions\": [\n        {\n            \"type\": \"Action.Submit\",\n            \"id\": \"SelectImage\",\n            \"title\": \"Select image\"\n        },\n       {\n            \"type\": \"Action.Submit\",\n            \"id\": \"SwitchToGoogle\",\n            \"title\": \"Switch to Google\"\n        },\n       {\n            \"type\": \"Action.Submit\",\n            \"id\": \"SwitchToBing\",\n            \"title\": \"Switch to Bing\"\n        },\n        {\n            \"type\": \"Action.Submit\",\n            \"id\": \"TryAnotherImage\",\n            \"title\": \"Try another image\"\n        }\n    ],\n    \"$schema\": \"http://adaptivecards.io/schemas/adaptive-card.json\",\n    \"version\": \"1.3\"\n}"
              }
            }
          },
          "runAfter": {
            "Create_current_challenge": [
              "Succeeded"
            ]
          },
          "metadata": {
            "operationMetadataId": "da8027c1-4cd8-46c1-a226-e9dafd8021c4"
          },
          "type": "Scope"
        },
        "Create_current_challenge": {
          "actions": {
            "Add_a_new_row_2": {
              "runAfter": {},
              "metadata": {
                "operationMetadataId": "aa6992fd-4f6a-4aa3-8d9d-833694be0173"
              },
              "type": "OpenApiConnection",
              "inputs": {
                "host": {
                  "connectionName": "shared_commondataserviceforapps",
                  "operationId": "CreateRecord",
                  "apiId": "/providers/Microsoft.PowerApps/apis/shared_commondataserviceforapps"
                },
                "parameters": {
                  "entityName": "cps_dailychallenges",
                  "item/cps_name": "@formatDateTime(utcNow(),'yyyy-MM-dd')",
                  "item/cps_dailychallengestatus": 923180001,
                  "item/cps_extractedlocation": "@variables('Location Text')",
                  "item/cps_latitude": "@variables('Latitude')",
                  "item/cps_longitude": "@variables('Longitude')",
                  "item/cps_photourl": "@variables('Current Image Url')",
                  "item/cps_publishedtime": "@formatDateTime(utcNow(),'yyyy-MM-dd')"
                },
                "authentication": "@parameters('$authentication')"
              }
            }
          },
          "runAfter": {
            "Get_previous_winner": [
              "Succeeded"
            ]
          },
          "metadata": {
            "operationMetadataId": "b8c56cfd-f6b9-449b-bde0-407d21c9b17c"
          },
          "type": "Scope"
        },
        "Initialize_Latitude": {
          "runAfter": {
            "Initialize_winner_email": [
              "Succeeded"
            ]
          },
          "metadata": {
            "operationMetadataId": "7d5224e3-62cf-49d5-be67-f9051c4751fb"
          },
          "type": "InitializeVariable",
          "inputs": {
            "variables": [
              {
                "name": "Latitude",
                "type": "string"
              }
            ]
          }
        },
        "Initialize_Longitude": {
          "runAfter": {
            "Initialize_Latitude": [
              "Succeeded"
            ]
          },
          "metadata": {
            "operationMetadataId": "ecfa21a3-8a7d-4ae2-be28-c6584eba73ff"
          },
          "type": "InitializeVariable",
          "inputs": {
            "variables": [
              {
                "name": "Longitude",
                "type": "string"
              }
            ]
          }
        },
        "Initialize_Location_Text": {
          "runAfter": {
            "Initialize_Longitude": [
              "Succeeded"
            ]
          },
          "metadata": {
            "operationMetadataId": "07e33d2e-b1c6-4924-bc1c-b337cf8c0956"
          },
          "type": "InitializeVariable",
          "inputs": {
            "variables": [
              {
                "name": "Location Text",
                "type": "string"
              }
            ]
          }
        },
        "Initialize_choosing_status": {
          "runAfter": {
            "Initialize_Location_Text": [
              "Succeeded"
            ]
          },
          "metadata": {
            "operationMetadataId": "8900c84b-e120-4907-b74d-bf14b7d189ea"
          },
          "type": "InitializeVariable",
          "inputs": {
            "variables": [
              {
                "name": "In choosing status",
                "type": "boolean",
                "value": "@true"
              }
            ]
          }
        },
        "Initialize_current_card": {
          "runAfter": {
            "Initialize_choosing_status": [
              "Succeeded"
            ]
          },
          "metadata": {
            "operationMetadataId": "1e16abb7-92b3-4c84-9c89-a6b8fcbc54ca"
          },
          "type": "InitializeVariable",
          "inputs": {
            "variables": [
              {
                "name": "Current card",
                "type": "string"
              }
            ]
          }
        },
        "Initialize_response_message": {
          "runAfter": {
            "Initialize_current_card": [
              "Succeeded"
            ]
          },
          "metadata": {
            "operationMetadataId": "e474bbab-0370-410c-8b01-fb028b39b326"
          },
          "type": "InitializeVariable",
          "inputs": {
            "variables": [
              {
                "name": "Response message",
                "type": "string",
                "value": "Thanks for your response!"
              }
            ]
          }
        },
        "Initialize_Bing_Region_Index": {
          "runAfter": {
            "Initialize_Bing_Region": [
              "Succeeded"
            ]
          },
          "metadata": {
            "operationMetadataId": "5122406e-6f6f-4e61-a869-3c2ef8919d5e"
          },
          "type": "InitializeVariable",
          "inputs": {
            "variables": [
              {
                "name": "Bing Region Index",
                "type": "integer",
                "value": 0
              }
            ]
          }
        },
        "Initialize_Bing_Country": {
          "runAfter": {
            "Initialize_Bing_Region_Index": [
              "Succeeded"
            ]
          },
          "metadata": {
            "operationMetadataId": "4668ea1d-e0ad-47e9-bb2d-fe55d5905670"
          },
          "type": "InitializeVariable",
          "inputs": {
            "variables": [
              {
                "name": "Bing Country",
                "type": "string"
              }
            ]
          }
        }
      }
    },
    "templateName": ""
  },
  "schemaVersion": "1.0.0.0"
}