{
  "properties": {
    "connectionReferences": {
      "shared_commondataserviceforapps": {
        "runtimeSource": "embedded",
        "connection": {
          "connectionReferenceLogicalName": "cps_sharedcommondataserviceforapps_58ff7"
        },
        "api": {
          "name": "shared_commondataserviceforapps"
        }
      }
    },
    "definition": {
      "$schema": "https://schema.management.azure.com/providers/Microsoft.Logic/schemas/2016-06-01/workflowdefinition.json#",
      "contentVersion": "1.0.0.0",
      "parameters": {
        "$connections": {
          "defaultValue": {},
          "type": "Object"
        },
        "$authentication": {
          "defaultValue": {},
          "type": "SecureObject"
        },
        "Bing Regions (cps_BingRegions)": {
          "defaultValue": {
            "values": [
              {
                "CountryIndex": 0,
                "Country": "UK",
                "CountryCode": "en-UK"
              },
              {
                "CountryIndex": 1,
                "Country": "Germany",
                "CountryCode": "de-DE"
              },
              {
                "CountryIndex": 2,
                "Country": "Australia",
                "CountryCode": "en-AU"
              },
              {
                "CountryIndex": 3,
                "Country": "Canada",
                "CountryCode": "en-CA"
              },
              {
                "CountryIndex": 4,
                "Country": "New Zealand",
                "CountryCode": "en-NZ"
              },
              {
                "CountryIndex": 5,
                "Country": "USA",
                "CountryCode": "en-US"
              },
              {
                "CountryIndex": 6,
                "Country": "Japan",
                "CountryCode": "ja-JP"
              },
              {
                "CountryIndex": 7,
                "Country": "China",
                "CountryCode": "zh-CN"
              }
            ]
          },
          "type": "Object",
          "metadata": {
            "schemaName": "cps_BingRegions",
            "description": "List of available Bing Regions"
          }
        }
      },
      "triggers": {
        "manual": {
          "metadata": {
            "operationMetadataId": "e1e736dd-3a9d-41fd-8132-39737d98ccc8"
          },
          "type": "Request",
          "kind": "Button",
          "inputs": {
            "schema": {
              "type": "object",
              "properties": {
                "number": {
                  "title": "Bing Index",
                  "type": "number",
                  "x-ms-dynamically-added": true,
                  "description": "Please enter a number",
                  "x-ms-content-hint": "NUMBER"
                }
              },
              "required": [
                "number"
              ]
            }
          }
        }
      },
      "actions": {
        "Initialize_Bing_Country": {
          "runAfter": {},
          "metadata": {
            "operationMetadataId": "6b25954d-57a1-4186-b820-ab0fcffc8f78"
          },
          "type": "InitializeVariable",
          "inputs": {
            "variables": [
              {
                "name": "Bing Country",
                "type": "string"
              }
            ]
          }
        },
        "Initialize_Bing_Region": {
          "runAfter": {
            "Initialize_Bing_Country": [
              "Succeeded"
            ]
          },
          "metadata": {
            "operationMetadataId": "20ba7976-1a5e-41a5-b01f-7c6358f31ea9"
          },
          "type": "InitializeVariable",
          "inputs": {
            "variables": [
              {
                "name": "Bing Region",
                "type": "string"
              }
            ]
          }
        },
        "Get_Country_and_Region": {
          "actions": {
            "Parse_JSON": {
              "runAfter": {},
              "metadata": {
                "operationMetadataId": "f8e76a46-4723-43a3-b589-1182ef076b2a"
              },
              "type": "ParseJson",
              "inputs": {
                "content": "@parameters('Bing Regions (cps_BingRegions)')",
                "schema": {
                  "type": "object",
                  "properties": {
                    "values": {
                      "type": "array",
                      "items": {
                        "type": "object",
                        "properties": {
                          "CountryIndex": {
                            "type": "integer"
                          },
                          "Country": {
                            "type": "string"
                          },
                          "CountryCode": {
                            "type": "string"
                          }
                        },
                        "required": [
                          "CountryIndex",
                          "Country",
                          "CountryCode"
                        ]
                      }
                    }
                  }
                }
              }
            },
            "Apply_to_each": {
              "foreach": "@body('Parse_JSON')?['values']",
              "actions": {
                "Set_variable": {
                  "runAfter": {},
                  "metadata": {
                    "operationMetadataId": "4aa76264-3a00-48b0-8bbf-395801dbe819"
                  },
                  "type": "SetVariable",
                  "inputs": {
                    "name": "Bing Country",
                    "value": "@items('Apply_to_each')?['Country']"
                  }
                },
                "Condition": {
                  "actions": {
                    "Set_Bing_Country": {
                      "runAfter": {},
                      "metadata": {
                        "operationMetadataId": "6fb70f38-ce91-49bf-bd37-6396118b5208"
                      },
                      "type": "SetVariable",
                      "inputs": {
                        "name": "Bing Country",
                        "value": "@items('Apply_to_each')?['Country']"
                      }
                    },
                    "Set_Bing_Region": {
                      "runAfter": {
                        "Set_Bing_Country": [
                          "Succeeded"
                        ]
                      },
                      "metadata": {
                        "operationMetadataId": "24e47632-6e30-41a5-8c14-96f62164af30"
                      },
                      "type": "SetVariable",
                      "inputs": {
                        "name": "Bing Region",
                        "value": "@items('Apply_to_each')?['CountryCode']"
                      }
                    }
                  },
                  "runAfter": {
                    "Set_variable": [
                      "Succeeded"
                    ]
                  },
                  "expression": {
                    "equals": [
                      "@items('Apply_to_each')?['CountryIndex']",
                      "@triggerBody()['number']"
                    ]
                  },
                  "metadata": {
                    "operationMetadataId": "71c95a21-5e9e-4031-84f8-ddff4e855fdc"
                  },
                  "type": "If"
                }
              },
              "runAfter": {
                "Parse_JSON": [
                  "Succeeded"
                ]
              },
              "metadata": {
                "operationMetadataId": "6b67fbc3-10f9-47fa-b64a-2ab66b941ed8"
              },
              "type": "Foreach"
            }
          },
          "runAfter": {
            "Condition_2": [
              "Succeeded"
            ]
          },
          "metadata": {
            "operationMetadataId": "2da80a19-1c3a-4109-a57b-b0535e11235c"
          },
          "type": "Scope"
        },
        "Initialize_Bing_Index": {
          "runAfter": {
            "Initialize_Bing_Region": [
              "Succeeded"
            ]
          },
          "metadata": {
            "operationMetadataId": "05a33e78-5350-4f70-88f8-f3a10381022e"
          },
          "type": "InitializeVariable",
          "inputs": {
            "variables": [
              {
                "name": "Bing Index",
                "type": "integer",
                "value": "@add(triggerBody()['number'],1)"
              }
            ]
          }
        },
        "Condition_2": {
          "actions": {
            "Reset_Bing_Index_to_zero": {
              "runAfter": {},
              "metadata": {
                "operationMetadataId": "3923839d-7777-49ab-a91c-b92b03791d0f"
              },
              "type": "SetVariable",
              "inputs": {
                "name": "Bing Index",
                "value": 0
              }
            }
          },
          "runAfter": {
            "Initialize_Bing_Index": [
              "Succeeded"
            ]
          },
          "expression": {
            "greaterOrEquals": [
              "@variables('Bing Index')",
              7
            ]
          },
          "metadata": {
            "operationMetadataId": "cd3efb2a-ccf9-47db-903d-56f06b19ae7e"
          },
          "type": "If"
        },
        "Save_latest_index_and_region": {
          "actions": {
            "List_rows": {
              "runAfter": {},
              "metadata": {
                "operationMetadataId": "a81ecaf9-4419-42fe-ac7e-e303a76aa264"
              },
              "type": "OpenApiConnection",
              "inputs": {
                "host": {
                  "connectionName": "shared_commondataserviceforapps",
                  "operationId": "ListRecords",
                  "apiId": "/providers/Microsoft.PowerApps/apis/shared_commondataserviceforapps"
                },
                "parameters": {
                  "entityName": "cps_whereonearthsettingses",
                  "$top": 1
                },
                "authentication": {
                  "type": "Raw",
                  "value": "@json(decodeBase64(triggerOutputs().headers['X-MS-APIM-Tokens']))['$ConnectionKey']"
                }
              }
            },
            "Apply_to_each_2": {
              "foreach": "@outputs('List_rows')?['body/value']",
              "actions": {
                "Update_a_row": {
                  "runAfter": {},
                  "metadata": {
                    "operationMetadataId": "4de34ddc-6fb5-4aa9-9578-26b159a92aee"
                  },
                  "type": "OpenApiConnection",
                  "inputs": {
                    "host": {
                      "connectionName": "shared_commondataserviceforapps",
                      "operationId": "UpdateRecord",
                      "apiId": "/providers/Microsoft.PowerApps/apis/shared_commondataserviceforapps"
                    },
                    "parameters": {
                      "entityName": "cps_whereonearthsettingses",
                      "recordId": "@items('Apply_to_each_2')?['cps_whereonearthsettingsid']",
                      "item/cps_bingcountry": "@variables('Bing Region')",
                      "item/cps_bingcountryindex": "@variables('Bing Index')"
                    },
                    "authentication": {
                      "type": "Raw",
                      "value": "@json(decodeBase64(triggerOutputs().headers['X-MS-APIM-Tokens']))['$ConnectionKey']"
                    }
                  }
                }
              },
              "runAfter": {
                "List_rows": [
                  "Succeeded"
                ]
              },
              "metadata": {
                "operationMetadataId": "fdf59f1f-abe3-4e38-b2d4-a983fdcef487"
              },
              "type": "Foreach"
            }
          },
          "runAfter": {
            "Get_Country_and_Region": [
              "Succeeded"
            ]
          },
          "metadata": {
            "operationMetadataId": "b91722c4-a980-4ffa-8969-1e34f7cef91b"
          },
          "type": "Scope"
        },
        "Respond_to_a_PowerApp_or_flow": {
          "runAfter": {
            "Save_latest_index_and_region": [
              "Succeeded"
            ]
          },
          "metadata": {
            "operationMetadataId": "4a6f7fa2-d033-44e6-9016-688fba5ec482"
          },
          "type": "Response",
          "kind": "PowerApp",
          "inputs": {
            "statusCode": 200,
            "body": {
              "bing_country": "@variables('Bing Country')",
              "bing_region": "@variables('Bing Region')",
              "bing_index": "@{variables('Bing Index')}"
            },
            "schema": {
              "type": "object",
              "properties": {
                "bing_country": {
                  "title": "Bing Country",
                  "x-ms-dynamically-added": true,
                  "type": "string"
                },
                "bing_region": {
                  "title": "Bing Region",
                  "x-ms-dynamically-added": true,
                  "type": "string"
                },
                "bing_index": {
                  "title": "Bing Index",
                  "x-ms-dynamically-added": true,
                  "type": "number"
                }
              }
            }
          }
        }
      }
    },
    "templateName": ""
  },
  "schemaVersion": "1.0.0.0"
}