{
  "properties": {
    "connectionReferences": {},
    "definition": {
      "$schema": "https://schema.management.azure.com/providers/Microsoft.Logic/schemas/2016-06-01/workflowdefinition.json#",
      "contentVersion": "1.0.0.0",
      "parameters": {
        "$authentication": {
          "defaultValue": {},
          "type": "SecureObject"
        },
        "Google Maps Key (cps_GoogleMapsKey)": {
          "defaultValue": "AIzaSyCYvbWAenbXXt_u0P0dFtLnujJ8mFp5M5o",
          "type": "String",
          "metadata": {
            "schemaName": "cps_GoogleMapsKey"
          }
        }
      },
      "triggers": {
        "manual": {
          "metadata": {
            "operationMetadataId": "55404362-cce5-4717-95bf-73cd1a7bbdf5"
          },
          "type": "Request",
          "kind": "Button",
          "inputs": {
            "schema": {
              "type": "object",
              "properties": {},
              "required": []
            }
          }
        }
      },
      "actions": {
        "Initialize_Current_Image_Url": {
          "runAfter": {},
          "metadata": {
            "operationMetadataId": "c189f691-f1d1-4ba4-91ef-a011691ed853"
          },
          "type": "InitializeVariable",
          "inputs": {
            "variables": [
              {
                "name": "Current Image Url",
                "type": "string"
              }
            ]
          }
        },
        "Initialize_Longitude": {
          "runAfter": {
            "Initialize_Current_Image_Url": [
              "Succeeded"
            ]
          },
          "metadata": {
            "operationMetadataId": "cd2a7f1e-d35f-4f19-8448-66270bdaf315"
          },
          "type": "InitializeVariable",
          "inputs": {
            "variables": [
              {
                "name": "Longitude",
                "type": "float",
                "value": "@div(rand(-180000, 180000), 1000.000000)"
              }
            ]
          }
        },
        "Initialize_Latitude": {
          "runAfter": {
            "Initialize_Longitude": [
              "Succeeded"
            ]
          },
          "metadata": {
            "operationMetadataId": "5320f604-fc27-499f-8ee8-eb9d80dec6a8"
          },
          "type": "InitializeVariable",
          "inputs": {
            "variables": [
              {
                "name": "Latitude",
                "type": "float",
                "value": "@div(rand(-7000, 7000), 1000.000000)"
              }
            ]
          }
        },
        "Get_Google_location_over_land": {
          "actions": {
            "Do_until": {
              "actions": {
                "Retrieve_current_image": {
                  "runAfter": {},
                  "metadata": {
                    "operationMetadataId": "2a4b0a39-1cd8-4d04-b129-ddc2150811ca"
                  },
                  "type": "Http",
                  "inputs": {
                    "method": "GET",
                    "uri": "https://maps.googleapis.com/maps/api/place/nearbysearch/json?key=@{parameters('Google Maps Key (cps_GoogleMapsKey)')}&location=@{variables('Latitude')},@{variables('Longitude')}&radius=50000"
                  }
                },
                "Parse_JSON": {
                  "runAfter": {
                    "Retrieve_current_image": [
                      "Succeeded"
                    ]
                  },
                  "metadata": {
                    "operationMetadataId": "6bcea69c-07ea-4ace-9e44-3a17b2357975"
                  },
                  "type": "ParseJson",
                  "inputs": {
                    "content": "@body('Retrieve_current_image')",
                    "schema": {
                      "type": "object",
                      "properties": {
                        "html_attributions": {
                          "type": [
                            "array",
                            "null"
                          ]
                        },
                        "next_page_token": {
                          "type": [
                            "string",
                            "null"
                          ]
                        },
                        "results": {
                          "type": [
                            "array",
                            "null"
                          ],
                          "items": {
                            "type": [
                              "object",
                              "null"
                            ],
                            "properties": {
                              "geometry": {
                                "type": [
                                  "object",
                                  "null"
                                ],
                                "properties": {
                                  "location": {
                                    "type": "object",
                                    "properties": {
                                      "lat": {
                                        "type": "number"
                                      },
                                      "lng": {
                                        "type": "number"
                                      }
                                    }
                                  },
                                  "viewport": {
                                    "type": "object",
                                    "properties": {
                                      "northeast": {
                                        "type": "object",
                                        "properties": {
                                          "lat": {
                                            "type": "number"
                                          },
                                          "lng": {
                                            "type": "number"
                                          }
                                        }
                                      },
                                      "southwest": {
                                        "type": "object",
                                        "properties": {
                                          "lat": {
                                            "type": "number"
                                          },
                                          "lng": {
                                            "type": "number"
                                          }
                                        }
                                      }
                                    }
                                  }
                                }
                              },
                              "icon": {
                                "type": "string"
                              },
                              "icon_background_color": {
                                "type": "string"
                              },
                              "icon_mask_base_uri": {
                                "type": "string"
                              },
                              "name": {
                                "type": "string"
                              },
                              "photos": {
                                "type": [
                                  "array",
                                  "null"
                                ],
                                "items": {
                                  "type": "object",
                                  "properties": {
                                    "height": {
                                      "type": "number"
                                    },
                                    "html_attributions": {
                                      "type": "array",
                                      "items": {
                                        "type": "string"
                                      }
                                    },
                                    "photo_reference": {
                                      "type": "string"
                                    },
                                    "width": {
                                      "type": "integer"
                                    }
                                  },
                                  "required": [
                                    "height",
                                    "html_attributions",
                                    "photo_reference",
                                    "width"
                                  ]
                                }
                              },
                              "place_id": {
                                "type": "string"
                              },
                              "reference": {
                                "type": "string"
                              },
                              "scope": {
                                "type": "string"
                              },
                              "types": {
                                "type": "array",
                                "items": {
                                  "type": "string"
                                }
                              },
                              "vicinity": {
                                "type": [
                                  "string",
                                  "null"
                                ]
                              },
                              "business_status": {
                                "type": "string"
                              },
                              "plus_code": {
                                "type": "object",
                                "properties": {
                                  "compound_code": {
                                    "type": "string"
                                  },
                                  "global_code": {
                                    "type": "string"
                                  }
                                }
                              },
                              "rating": {
                                "type": "number"
                              },
                              "user_ratings_total": {
                                "type": "number"
                              },
                              "opening_hours": {
                                "type": "object",
                                "properties": {
                                  "open_now": {
                                    "type": "boolean"
                                  }
                                }
                              }
                            },
                            "required": [
                              "geometry",
                              "icon",
                              "icon_background_color",
                              "icon_mask_base_uri",
                              "name",
                              "place_id",
                              "reference",
                              "scope",
                              "types"
                            ]
                          }
                        },
                        "status": {
                          "type": "string"
                        }
                      }
                    }
                  }
                },
                "Check_Results_returned": {
                  "actions": {
                    "Check_photos_exists": {
                      "runAfter": {},
                      "metadata": {
                        "operationMetadataId": "51df540d-a266-49c7-b169-6ba477431531"
                      },
                      "type": "Compose",
                      "inputs": "@empty(body('Parse_JSON')['results'][0]['photos'])"
                    },
                    "Condition": {
                      "actions": {
                        "Set_image_url": {
                          "runAfter": {},
                          "metadata": {
                            "operationMetadataId": "3923b883-5a78-4eb3-a23e-e1a817a8b96f"
                          },
                          "type": "SetVariable",
                          "inputs": {
                            "name": "Current Image Url",
                            "value": "https://maps.googleapis.com/maps/api/place/photo?maxwidth=2000&photoreference=@{body('Parse_JSON')['results'][0]['photos'][0]['photo_reference']}&key=AIzaSyCYvbWAenbXXt_u0P0dFtLnujJ8mFp5M5o"
                          }
                        },
                        "Set_Location_Text": {
                          "runAfter": {
                            "Set_image_url": [
                              "Succeeded"
                            ]
                          },
                          "metadata": {
                            "operationMetadataId": "ac5fed2c-01e9-4c17-a624-71c691d0134e"
                          },
                          "type": "SetVariable",
                          "inputs": {
                            "name": "LocationText",
                            "value": "@{body('Parse_JSON')['results'][0]['name']}"
                          }
                        }
                      },
                      "runAfter": {
                        "Check_photos_exists": [
                          "Succeeded"
                        ]
                      },
                      "expression": {
                        "equals": [
                          "@empty(body('Parse_JSON')['results'][0]['photos'])",
                          "@false"
                        ]
                      },
                      "metadata": {
                        "operationMetadataId": "bad295bf-679a-4070-9a00-f7f1343663f8"
                      },
                      "type": "If"
                    },
                    "Set_blank_if_failed": {
                      "runAfter": {
                        "Condition": [
                          "Skipped",
                          "Failed"
                        ]
                      },
                      "metadata": {
                        "operationMetadataId": "c90c1afc-3883-4272-81b5-61b33640fe0f"
                      },
                      "type": "SetVariable",
                      "inputs": {
                        "name": "Current Image Url",
                        "value": "@{''}"
                      }
                    }
                  },
                  "runAfter": {
                    "Parse_JSON": [
                      "Succeeded"
                    ]
                  },
                  "expression": {
                    "greater": [
                      "@length(body('Parse_JSON')['results'])",
                      0
                    ]
                  },
                  "metadata": {
                    "operationMetadataId": "1b930e6e-6497-40d7-a779-ecf9dfa2db53"
                  },
                  "type": "If"
                },
                "Set_new_longitude": {
                  "runAfter": {
                    "Check_Results_returned": [
                      "Succeeded"
                    ]
                  },
                  "metadata": {
                    "operationMetadataId": "c4100be0-01e8-4e59-a259-ee4320d3ab98"
                  },
                  "type": "SetVariable",
                  "inputs": {
                    "name": "Longitude",
                    "value": "@div(rand(-180000, 180000), 1000.000000)"
                  }
                },
                "Set_new_latitude": {
                  "runAfter": {
                    "Set_new_longitude": [
                      "Succeeded"
                    ]
                  },
                  "metadata": {
                    "operationMetadataId": "4db60393-4ba6-4082-9f2c-ac849e189642"
                  },
                  "type": "SetVariable",
                  "inputs": {
                    "name": "Latitude",
                    "value": "@div(rand(-7000, 7000), 1000.000000)"
                  }
                }
              },
              "runAfter": {},
              "expression": "@not(equals(variables('Current Image Url'), ''))",
              "limit": {
                "count": 60,
                "timeout": "PT1H"
              },
              "metadata": {
                "operationMetadataId": "0ef02a33-5ea2-45c0-9168-395b3811eb78"
              },
              "type": "Until"
            }
          },
          "runAfter": {
            "Initialize_Location_Text": [
              "Succeeded"
            ]
          },
          "metadata": {
            "operationMetadataId": "75cf250c-776d-4692-926a-12e5a8d3f1cc"
          },
          "type": "Scope"
        },
        "Respond_to_a_PowerApp_or_flow": {
          "runAfter": {
            "Get_Google_location_over_land": [
              "Succeeded"
            ]
          },
          "metadata": {
            "operationMetadataId": "e4f2a720-6715-4cf7-a34c-c52ee7bf1441"
          },
          "type": "Response",
          "kind": "PowerApp",
          "inputs": {
            "statusCode": 200,
            "body": {
              "currentimageurl": "@variables('Current Image Url')",
              "latitude": "@{variables('Latitude')}",
              "longitude": "@{variables('Longitude')}",
              "locationname": "@variables('LocationText')"
            },
            "schema": {
              "type": "object",
              "properties": {
                "currentimageurl": {
                  "title": "CurrentImageUrl",
                  "x-ms-dynamically-added": true,
                  "type": "string"
                },
                "latitude": {
                  "title": "Latitude",
                  "x-ms-dynamically-added": true,
                  "type": "string"
                },
                "longitude": {
                  "title": "Longitude",
                  "x-ms-dynamically-added": true,
                  "type": "string"
                },
                "locationname": {
                  "title": "LocationName",
                  "x-ms-dynamically-added": true,
                  "type": "string"
                }
              }
            }
          }
        },
        "Initialize_Location_Text": {
          "runAfter": {
            "Initialize_Latitude": [
              "Succeeded"
            ]
          },
          "metadata": {
            "operationMetadataId": "50522d75-b20b-46c0-8059-da17c1300c08"
          },
          "type": "InitializeVariable",
          "inputs": {
            "variables": [
              {
                "name": "LocationText",
                "type": "string"
              }
            ]
          }
        }
      }
    },
    "templateName": ""
  },
  "schemaVersion": "1.0.0.0"
}