{
  "properties": {
    "connectionReferences": {
      "shared_commondataserviceforapps": {
        "runtimeSource": "embedded",
        "connection": {
          "connectionReferenceLogicalName": "cps_sharedcommondataserviceforapps_58ff7"
        },
        "api": {
          "name": "shared_commondataserviceforapps"
        }
      }
    },
    "definition": {
      "$schema": "https://schema.management.azure.com/providers/Microsoft.Logic/schemas/2016-06-01/workflowdefinition.json#",
      "contentVersion": "1.0.0.0",
      "parameters": {
        "$connections": {
          "defaultValue": {},
          "type": "Object"
        },
        "$authentication": {
          "defaultValue": {},
          "type": "SecureObject"
        }
      },
      "triggers": {
        "manual": {
          "metadata": {
            "operationMetadataId": "cffd7077-6e4b-4c00-9f12-32e23d842762"
          },
          "type": "Request",
          "kind": "Button",
          "inputs": {
            "schema": {
              "type": "object",
              "properties": {},
              "required": []
            }
          }
        }
      },
      "actions": {
        "Initialize_current_image_url": {
          "runAfter": {},
          "metadata": {
            "operationMetadataId": "5c89581b-9995-47b0-8d99-757386bdc77c"
          },
          "type": "InitializeVariable",
          "inputs": {
            "variables": [
              {
                "name": "Current Image Url",
                "type": "string"
              }
            ]
          }
        },
        "Initialize_Latitude": {
          "runAfter": {
            "Initialize_current_image_url": [
              "Succeeded"
            ]
          },
          "metadata": {
            "operationMetadataId": "f078587a-9445-4178-942c-1ef07e089c8b"
          },
          "type": "InitializeVariable",
          "inputs": {
            "variables": [
              {
                "name": "Latitude",
                "type": "string"
              }
            ]
          }
        },
        "Initialize_Longitude": {
          "runAfter": {
            "Initialize_Latitude": [
              "Succeeded"
            ]
          },
          "metadata": {
            "operationMetadataId": "cd7e8145-7457-4b8a-a665-2c1625c70c18"
          },
          "type": "InitializeVariable",
          "inputs": {
            "variables": [
              {
                "name": "Longitude",
                "type": "string"
              }
            ]
          }
        },
        "Update_settings": {
          "actions": {
            "List_rows": {
              "runAfter": {},
              "metadata": {
                "operationMetadataId": "d93333a9-ca2a-4bcb-8262-eb739075bca5"
              },
              "type": "OpenApiConnection",
              "inputs": {
                "host": {
                  "connectionName": "shared_commondataserviceforapps",
                  "operationId": "ListRecords",
                  "apiId": "/providers/Microsoft.PowerApps/apis/shared_commondataserviceforapps"
                },
                "parameters": {
                  "entityName": "cps_whereonearthsettingses",
                  "$top": 1
                },
                "authentication": {
                  "type": "Raw",
                  "value": "@json(decodeBase64(triggerOutputs().headers['X-MS-APIM-Tokens']))['$ConnectionKey']"
                }
              }
            },
            "Apply_to_each": {
              "foreach": "@outputs('List_rows')?['body/value']",
              "actions": {
                "Update_a_row": {
                  "runAfter": {},
                  "metadata": {
                    "operationMetadataId": "a2013de8-fe01-43da-97b4-7afe9485d309"
                  },
                  "type": "OpenApiConnection",
                  "inputs": {
                    "host": {
                      "connectionName": "shared_commondataserviceforapps",
                      "operationId": "UpdateRecord",
                      "apiId": "/providers/Microsoft.PowerApps/apis/shared_commondataserviceforapps"
                    },
                    "parameters": {
                      "entityName": "cps_whereonearthsettingses",
                      "recordId": "@items('Apply_to_each')?['cps_whereonearthsettingsid']",
                      "item/cps_name": "@items('Apply_to_each')?['cps_name']",
                      "item/cps_bingcountry": "@items('Apply_to_each')?['cps_bingcountry']",
                      "item/cps_photosource": 923180000,
                      "item/statecode": "@items('Apply_to_each')?['statecode']",
                      "item/statuscode": "@items('Apply_to_each')?['statuscode']"
                    },
                    "authentication": {
                      "type": "Raw",
                      "value": "@json(decodeBase64(triggerOutputs().headers['X-MS-APIM-Tokens']))['$ConnectionKey']"
                    }
                  }
                }
              },
              "runAfter": {
                "List_rows": [
                  "Succeeded"
                ]
              },
              "metadata": {
                "operationMetadataId": "689f27d7-8e30-4f39-9526-f752e5608847"
              },
              "type": "Foreach"
            }
          },
          "runAfter": {
            "Set_Location_Text": [
              "Succeeded"
            ]
          },
          "metadata": {
            "operationMetadataId": "4a1633c2-86a7-4292-9607-7b864105b3e9"
          },
          "type": "Scope"
        },
        "Run_a_Child_Flow": {
          "runAfter": {
            "Initialize_Location_Text": [
              "Succeeded"
            ]
          },
          "metadata": {
            "operationMetadataId": "03354333-0f13-4323-b0fc-30d0037d718d"
          },
          "type": "Workflow",
          "inputs": {
            "host": {
              "workflowReferenceName": "e2f16f66-0e51-ed11-bba2-0022481b7378"
            }
          }
        },
        "List_rows_2": {
          "runAfter": {
            "Update_settings": [
              "Succeeded"
            ]
          },
          "metadata": {
            "operationMetadataId": "85e21193-a27f-45d0-bbe5-1a452d0c6e93"
          },
          "type": "OpenApiConnection",
          "inputs": {
            "host": {
              "connectionName": "shared_commondataserviceforapps",
              "operationId": "ListRecords",
              "apiId": "/providers/Microsoft.PowerApps/apis/shared_commondataserviceforapps"
            },
            "parameters": {
              "entityName": "cps_dailychallenges",
              "$filter": "cps_publishedtime eq '@{formatDateTime(utcNow(),'yyyy-MM-dd')}'"
            },
            "authentication": {
              "type": "Raw",
              "value": "@json(decodeBase64(triggerOutputs().headers['X-MS-APIM-Tokens']))['$ConnectionKey']"
            }
          }
        },
        "Apply_to_each_2": {
          "foreach": "@outputs('List_rows_2')?['body/value']",
          "actions": {
            "Update_Daily_Challenge_entry": {
              "runAfter": {},
              "metadata": {
                "operationMetadataId": "8c7255bb-e571-4457-ac70-df71c8ace5b6"
              },
              "type": "OpenApiConnection",
              "inputs": {
                "host": {
                  "connectionName": "shared_commondataserviceforapps",
                  "operationId": "UpdateRecord",
                  "apiId": "/providers/Microsoft.PowerApps/apis/shared_commondataserviceforapps"
                },
                "parameters": {
                  "entityName": "cps_dailychallenges",
                  "recordId": "@items('Apply_to_each_2')?['cps_dailychallengeid']",
                  "item/cps_name": "@items('Apply_to_each_2')?['cps_name']",
                  "item/cps_dailychallengestatus": "@items('Apply_to_each_2')?['cps_dailychallengestatus']",
                  "item/cps_extractedlocation": "@variables('Location Text')",
                  "item/cps_latitude": "@variables('Latitude')",
                  "item/cps_longitude": "@variables('Longitude')",
                  "item/cps_photourl": "@variables('Current Image Url')",
                  "item/cps_publishedtime": "@items('Apply_to_each_2')?['cps_publishedtime']",
                  "item/cps_resultset": "@items('Apply_to_each_2')?['cps_resultset']",
                  "item/statecode": "@items('Apply_to_each_2')?['statecode']",
                  "item/statuscode": "@items('Apply_to_each_2')?['statuscode']"
                },
                "authentication": {
                  "type": "Raw",
                  "value": "@json(decodeBase64(triggerOutputs().headers['X-MS-APIM-Tokens']))['$ConnectionKey']"
                }
              }
            }
          },
          "runAfter": {
            "List_rows_2": [
              "Succeeded"
            ]
          },
          "metadata": {
            "operationMetadataId": "5d109866-a14c-4dbf-a064-6ea52ef2bad4"
          },
          "type": "Foreach"
        },
        "Respond_to_a_PowerApp_or_flow": {
          "runAfter": {
            "Apply_to_each_2": [
              "Succeeded"
            ]
          },
          "metadata": {
            "operationMetadataId": "d004857f-b998-4883-afd4-4114995a648b"
          },
          "type": "Response",
          "kind": "PowerApp",
          "inputs": {
            "statusCode": 200,
            "body": {
              "current_image_url": "@variables('Current Image Url')"
            },
            "schema": {
              "type": "object",
              "properties": {
                "current_image_url": {
                  "title": "Current Image Url",
                  "x-ms-dynamically-added": true,
                  "type": "string"
                }
              }
            }
          }
        },
        "Set_current_image_url": {
          "runAfter": {
            "Run_a_Child_Flow": [
              "Succeeded"
            ]
          },
          "metadata": {
            "operationMetadataId": "36d03bfc-0c06-4d75-b5d8-0e62f21961c1"
          },
          "type": "SetVariable",
          "inputs": {
            "name": "Current Image Url",
            "value": "@body('Run_a_Child_Flow')?['currentimageurl']"
          }
        },
        "Set_Latitude": {
          "runAfter": {
            "Set_current_image_url": [
              "Succeeded"
            ]
          },
          "metadata": {
            "operationMetadataId": "bde2d9de-caf3-4461-95c3-fe12dd5ed583"
          },
          "type": "SetVariable",
          "inputs": {
            "name": "Latitude",
            "value": "@body('Run_a_Child_Flow')?['latitude']"
          }
        },
        "Set_Longitude": {
          "runAfter": {
            "Set_Latitude": [
              "Succeeded"
            ]
          },
          "metadata": {
            "operationMetadataId": "7e569771-2466-4960-9a2b-dba35600135f"
          },
          "type": "SetVariable",
          "inputs": {
            "name": "Longitude",
            "value": "@body('Run_a_Child_Flow')?['longitude']"
          }
        },
        "Initialize_Location_Text": {
          "runAfter": {
            "Initialize_Longitude": [
              "Succeeded"
            ]
          },
          "metadata": {
            "operationMetadataId": "85ccb8d3-dee4-49df-be75-024ca429d677"
          },
          "type": "InitializeVariable",
          "inputs": {
            "variables": [
              {
                "name": "Location Text",
                "type": "string"
              }
            ]
          }
        },
        "Set_Location_Text": {
          "runAfter": {
            "Set_Longitude": [
              "Succeeded"
            ]
          },
          "metadata": {
            "operationMetadataId": "7caa3ed1-32f8-4170-8858-3b69c6411e6b"
          },
          "type": "SetVariable",
          "inputs": {
            "name": "Location Text",
            "value": "@body('Run_a_Child_Flow')?['locationname']"
          }
        }
      }
    },
    "templateName": ""
  },
  "schemaVersion": "1.0.0.0"
}