{
  "properties": {
    "connectionReferences": {
      "shared_commondataserviceforapps": {
        "runtimeSource": "embedded",
        "connection": {
          "connectionReferenceLogicalName": "cps_sharedcommondataserviceforapps_58ff7"
        },
        "api": {
          "name": "shared_commondataserviceforapps"
        }
      }
    },
    "definition": {
      "$schema": "https://schema.management.azure.com/providers/Microsoft.Logic/schemas/2016-06-01/workflowdefinition.json#",
      "contentVersion": "1.0.0.0",
      "parameters": {
        "$connections": {
          "defaultValue": {},
          "type": "Object"
        },
        "$authentication": {
          "defaultValue": {},
          "type": "SecureObject"
        }
      },
      "triggers": {
        "manual": {
          "metadata": {
            "operationMetadataId": "639b0b55-373a-42bd-b60c-7dacf4d279dc"
          },
          "type": "Request",
          "kind": "Button",
          "inputs": {
            "schema": {
              "type": "object",
              "properties": {},
              "required": []
            }
          }
        }
      },
      "actions": {
        "List_rows": {
          "runAfter": {
            "Get_Where_On_Earth_Settings": [
              "Succeeded"
            ]
          },
          "metadata": {
            "operationMetadataId": "d93333a9-ca2a-4bcb-8262-eb739075bca5"
          },
          "type": "OpenApiConnection",
          "inputs": {
            "host": {
              "connectionName": "shared_commondataserviceforapps",
              "operationId": "ListRecords",
              "apiId": "/providers/Microsoft.PowerApps/apis/shared_commondataserviceforapps"
            },
            "parameters": {
              "entityName": "cps_whereonearthsettingses",
              "$top": 1
            },
            "authentication": {
              "type": "Raw",
              "value": "@json(decodeBase64(triggerOutputs().headers['X-MS-APIM-Tokens']))['$ConnectionKey']"
            }
          }
        },
        "Apply_to_each": {
          "foreach": "@outputs('List_rows')?['body/value']",
          "actions": {
            "Update_a_row": {
              "runAfter": {},
              "metadata": {
                "operationMetadataId": "a2013de8-fe01-43da-97b4-7afe9485d309"
              },
              "type": "OpenApiConnection",
              "inputs": {
                "host": {
                  "connectionName": "shared_commondataserviceforapps",
                  "operationId": "UpdateRecord",
                  "apiId": "/providers/Microsoft.PowerApps/apis/shared_commondataserviceforapps"
                },
                "parameters": {
                  "entityName": "cps_whereonearthsettingses",
                  "recordId": "@items('Apply_to_each')?['cps_whereonearthsettingsid']",
                  "item/cps_name": "@items('Apply_to_each')?['cps_name']",
                  "item/cps_bingcountry": "@items('Apply_to_each')?['cps_bingcountry']",
                  "item/cps_photosource": 923180001,
                  "item/statecode": "@items('Apply_to_each')?['statecode']",
                  "item/statuscode": "@items('Apply_to_each')?['statuscode']"
                },
                "authentication": {
                  "type": "Raw",
                  "value": "@json(decodeBase64(triggerOutputs().headers['X-MS-APIM-Tokens']))['$ConnectionKey']"
                }
              }
            }
          },
          "runAfter": {
            "List_rows": [
              "Succeeded"
            ]
          },
          "metadata": {
            "operationMetadataId": "689f27d7-8e30-4f39-9526-f752e5608847"
          },
          "type": "Foreach"
        },
        "Initialize_Bing_Region": {
          "runAfter": {},
          "metadata": {
            "operationMetadataId": "3082ab18-75af-487f-83ff-52b7aefbe0bd"
          },
          "type": "InitializeVariable",
          "inputs": {
            "variables": [
              {
                "name": "Bing Region",
                "type": "string"
              }
            ]
          }
        },
        "Get_Where_On_Earth_Settings": {
          "actions": {
            "List_rows_2": {
              "runAfter": {},
              "metadata": {
                "operationMetadataId": "bfee959d-a154-4594-9162-f248d1b00319"
              },
              "type": "OpenApiConnection",
              "inputs": {
                "host": {
                  "connectionName": "shared_commondataserviceforapps",
                  "operationId": "ListRecords",
                  "apiId": "/providers/Microsoft.PowerApps/apis/shared_commondataserviceforapps"
                },
                "parameters": {
                  "entityName": "cps_whereonearthsettingses",
                  "$top": 1
                },
                "authentication": {
                  "type": "Raw",
                  "value": "@json(decodeBase64(triggerOutputs().headers['X-MS-APIM-Tokens']))['$ConnectionKey']"
                }
              }
            },
            "Apply_to_each_2": {
              "foreach": "@outputs('List_rows_2')?['body/value']",
              "actions": {
                "Set_Bing_Region": {
                  "runAfter": {},
                  "metadata": {
                    "operationMetadataId": "8fcac857-7d78-414d-b0b7-94f89d9d3930"
                  },
                  "type": "SetVariable",
                  "inputs": {
                    "name": "Bing Region",
                    "value": "@items('Apply_to_each_2')?['cps_bingcountry']"
                  }
                }
              },
              "runAfter": {
                "List_rows_2": [
                  "Succeeded"
                ]
              },
              "metadata": {
                "operationMetadataId": "30d932dc-baa3-4beb-b3a1-215b9a39dc71"
              },
              "type": "Foreach"
            }
          },
          "runAfter": {
            "Initialize_Location_Text": [
              "Succeeded"
            ]
          },
          "metadata": {
            "operationMetadataId": "50d5ca0a-a9b6-47bd-bc2c-8ae179b6d1f1"
          },
          "type": "Scope"
        },
        "Initialize_Current_Image_Url": {
          "runAfter": {
            "Initialize_Bing_Region": [
              "Succeeded"
            ]
          },
          "metadata": {
            "operationMetadataId": "5c89581b-9995-47b0-8d99-757386bdc77c"
          },
          "type": "InitializeVariable",
          "inputs": {
            "variables": [
              {
                "name": "Current Image Url",
                "type": "string"
              }
            ]
          }
        },
        "Run_a_Child_Flow": {
          "runAfter": {
            "Apply_to_each": [
              "Succeeded"
            ]
          },
          "metadata": {
            "operationMetadataId": "b7e6725e-4ad1-49a8-97f1-9095f4c8510a"
          },
          "type": "Workflow",
          "inputs": {
            "host": {
              "workflowReferenceName": "d602135b-6551-ed11-bba2-0022481b7378"
            },
            "body": {
              "text": "@variables('Bing Region')"
            }
          }
        },
        "List_rows_3": {
          "runAfter": {
            "Set_Location_Text": [
              "Succeeded"
            ]
          },
          "metadata": {
            "operationMetadataId": "8100dc1c-6453-41b7-aa05-882a74408014"
          },
          "type": "OpenApiConnection",
          "inputs": {
            "host": {
              "connectionName": "shared_commondataserviceforapps",
              "operationId": "ListRecords",
              "apiId": "/providers/Microsoft.PowerApps/apis/shared_commondataserviceforapps"
            },
            "parameters": {
              "entityName": "cps_dailychallenges",
              "$filter": "cps_publishedtime eq '@{formatDateTime(utcNow(),'yyyy-MM-dd')}'"
            },
            "authentication": {
              "type": "Raw",
              "value": "@json(decodeBase64(triggerOutputs().headers['X-MS-APIM-Tokens']))['$ConnectionKey']"
            }
          }
        },
        "Apply_to_each_3": {
          "foreach": "@outputs('List_rows_3')?['body/value']",
          "actions": {
            "Update_a_row_2": {
              "runAfter": {},
              "metadata": {
                "operationMetadataId": "4fbc9bfe-1393-4d17-8cdf-9ff4c233f75c"
              },
              "type": "OpenApiConnection",
              "inputs": {
                "host": {
                  "connectionName": "shared_commondataserviceforapps",
                  "operationId": "UpdateRecord",
                  "apiId": "/providers/Microsoft.PowerApps/apis/shared_commondataserviceforapps"
                },
                "parameters": {
                  "entityName": "cps_dailychallenges",
                  "recordId": "@items('Apply_to_each_3')?['cps_dailychallengeid']",
                  "item/cps_name": "@items('Apply_to_each_3')?['cps_name']",
                  "item/cps_dailychallengestatus": 923180001,
                  "item/cps_extractedlocation": "@variables('Location Text')",
                  "item/cps_latitude": "@variables('Latitude')",
                  "item/cps_longitude": "@variables('Longitude')",
                  "item/cps_photourl": "@variables('Current Image Url')",
                  "item/cps_publishedtime": "@items('Apply_to_each_3')?['cps_publishedtime']",
                  "item/cps_resultset": "@items('Apply_to_each_3')?['cps_resultset']",
                  "item/statecode": "@items('Apply_to_each_3')?['statecode']",
                  "item/statuscode": "@items('Apply_to_each_3')?['statuscode']"
                },
                "authentication": {
                  "type": "Raw",
                  "value": "@json(decodeBase64(triggerOutputs().headers['X-MS-APIM-Tokens']))['$ConnectionKey']"
                }
              }
            }
          },
          "runAfter": {
            "List_rows_3": [
              "Succeeded"
            ]
          },
          "metadata": {
            "operationMetadataId": "69324823-8eca-4004-b874-161cfcc1be69"
          },
          "type": "Foreach"
        },
        "Compose": {
          "runAfter": {
            "Apply_to_each_3": [
              "Succeeded"
            ]
          },
          "metadata": {
            "operationMetadataId": "8f289dc3-ba67-43b2-bd80-c2b253d110e2"
          },
          "type": "Compose",
          "inputs": "@variables('Current Image Url')"
        },
        "Set_Current_Image_Url": {
          "runAfter": {
            "Run_a_Child_Flow": [
              "Succeeded"
            ]
          },
          "metadata": {
            "operationMetadataId": "11e98279-462f-4c14-b2ff-73df9144af83"
          },
          "type": "SetVariable",
          "inputs": {
            "name": "Current Image Url",
            "value": "@body('Run_a_Child_Flow')?['currentimageurl']"
          }
        },
        "Initialize_Latitude": {
          "runAfter": {
            "Initialize_Current_Image_Url": [
              "Succeeded"
            ]
          },
          "metadata": {
            "operationMetadataId": "ffa647a8-44e9-4d22-9410-1089fc888f3d"
          },
          "type": "InitializeVariable",
          "inputs": {
            "variables": [
              {
                "name": "Latitude",
                "type": "float"
              }
            ]
          }
        },
        "Initialize_Longitude": {
          "runAfter": {
            "Initialize_Latitude": [
              "Succeeded"
            ]
          },
          "metadata": {
            "operationMetadataId": "055b7af0-585f-4f02-a037-90a8aadd0a98"
          },
          "type": "InitializeVariable",
          "inputs": {
            "variables": [
              {
                "name": "Longitude",
                "type": "float"
              }
            ]
          }
        },
        "Set_Latitude": {
          "runAfter": {
            "Set_Current_Image_Url": [
              "Succeeded"
            ]
          },
          "metadata": {
            "operationMetadataId": "e8dc43bf-34d1-4a84-8e15-38aff3870ee2"
          },
          "type": "SetVariable",
          "inputs": {
            "name": "Latitude",
            "value": "@float(outputs('Run_a_Child_Flow')?['Body']?['latitude'])"
          }
        },
        "Set_Longitude": {
          "runAfter": {
            "Set_Latitude": [
              "Succeeded"
            ]
          },
          "metadata": {
            "operationMetadataId": "7378cca4-7ad4-4bea-b316-e75772157162"
          },
          "type": "SetVariable",
          "inputs": {
            "name": "Longitude",
            "value": "@float(outputs('Run_a_Child_Flow')?['Body']?['longitude'])"
          }
        },
        "Respond_to_a_PowerApp_or_flow": {
          "runAfter": {
            "Compose": [
              "Succeeded"
            ]
          },
          "metadata": {
            "operationMetadataId": "6ec9cdff-8916-4734-ac10-bf5dded90a6f"
          },
          "type": "Response",
          "kind": "PowerApp",
          "inputs": {
            "statusCode": 200,
            "body": {
              "current_image_url": "@variables('Current Image Url')"
            },
            "schema": {
              "type": "object",
              "properties": {
                "current_image_url": {
                  "title": "Current Image Url",
                  "x-ms-dynamically-added": true,
                  "type": "string"
                }
              }
            }
          }
        },
        "Initialize_Location_Text": {
          "runAfter": {
            "Initialize_Longitude": [
              "Succeeded"
            ]
          },
          "metadata": {
            "operationMetadataId": "3996e5af-cad2-4295-9d54-0f322057d740"
          },
          "type": "InitializeVariable",
          "inputs": {
            "variables": [
              {
                "name": "Location Text",
                "type": "string"
              }
            ]
          }
        },
        "Set_Location_Text": {
          "runAfter": {
            "Set_Longitude": [
              "Succeeded"
            ]
          },
          "metadata": {
            "operationMetadataId": "113435f9-3b57-4599-9149-a1e12f2ba432"
          },
          "type": "SetVariable",
          "inputs": {
            "name": "Location Text",
            "value": "@body('Run_a_Child_Flow')?['locationname']"
          }
        }
      }
    },
    "templateName": ""
  },
  "schemaVersion": "1.0.0.0"
}