<environmentvariabledefinition schemaname="cps_ChannelId">
  <description default="ID of the channel that the conversations take place in">
    <label description="ID of the channel that the conversations take place in" languagecode="1033" />
  </description>
  <displayname default="ChannelId">
    <label description="ChannelId" languagecode="1033" />
  </displayname>
  <introducedversion>1.0.0.6</introducedversion>
  <iscustomizable>1</iscustomizable>
  <isrequired>0</isrequired>
  <secretstore>0</secretstore>
  <type>100000000</type>
</environmentvariabledefinition>