<ImportExportXml version="9.2.22101.154" SolutionPackageVersion="9.2" languagecode="1033" generatedBy="CrmLive" xmlns:xsi="http://www.w3.org/2001/XMLSchema-instance">
  <SolutionManifest>
    <UniqueName>WhereonEarthBotPP</UniqueName>
    <LocalizedNames>
      <LocalizedName description="Where on Earth Bot PP" languagecode="1033" />
    </LocalizedNames>
    <Descriptions />
    <Version>1.0.0.9</Version>
    <Managed>1</Managed>
    <Publisher>
      <UniqueName>cps</UniqueName>
      <LocalizedNames>
        <LocalizedName description="Corporate Project Solutions" languagecode="1033" />
      </LocalizedNames>
      <Descriptions />
      <EMailAddress xsi:nil="true"></EMailAddress>
      <SupportingWebsiteUrl xsi:nil="true"></SupportingWebsiteUrl>
      <CustomizationPrefix>cps</CustomizationPrefix>
      <CustomizationOptionValuePrefix>92318</CustomizationOptionValuePrefix>
      <Addresses>
        <Address>
          <AddressNumber>1</AddressNumber>
          <AddressTypeCode>1</AddressTypeCode>
          <City xsi:nil="true"></City>
          <County xsi:nil="true"></County>
          <Country xsi:nil="true"></Country>
          <Fax xsi:nil="true"></Fax>
          <FreightTermsCode xsi:nil="true"></FreightTermsCode>
          <ImportSequenceNumber xsi:nil="true"></ImportSequenceNumber>
          <Latitude xsi:nil="true"></Latitude>
          <Line1 xsi:nil="true"></Line1>
          <Line2 xsi:nil="true"></Line2>
          <Line3 xsi:nil="true"></Line3>
          <Longitude xsi:nil="true"></Longitude>
          <Name xsi:nil="true"></Name>
          <PostalCode xsi:nil="true"></PostalCode>
          <PostOfficeBox xsi:nil="true"></PostOfficeBox>
          <PrimaryContactName xsi:nil="true"></PrimaryContactName>
          <ShippingMethodCode>1</ShippingMethodCode>
          <StateOrProvince xsi:nil="true"></StateOrProvince>
          <Telephone1 xsi:nil="true"></Telephone1>
          <Telephone2 xsi:nil="true"></Telephone2>
          <Telephone3 xsi:nil="true"></Telephone3>
          <TimeZoneRuleVersionNumber xsi:nil="true"></TimeZoneRuleVersionNumber>
          <UPSZone xsi:nil="true"></UPSZone>
          <UTCOffset xsi:nil="true"></UTCOffset>
          <UTCConversionTimeZoneCode xsi:nil="true"></UTCConversionTimeZoneCode>
        </Address>
        <Address>
          <AddressNumber>2</AddressNumber>
          <AddressTypeCode>1</AddressTypeCode>
          <City xsi:nil="true"></City>
          <County xsi:nil="true"></County>
          <Country xsi:nil="true"></Country>
          <Fax xsi:nil="true"></Fax>
          <FreightTermsCode xsi:nil="true"></FreightTermsCode>
          <ImportSequenceNumber xsi:nil="true"></ImportSequenceNumber>
          <Latitude xsi:nil="true"></Latitude>
          <Line1 xsi:nil="true"></Line1>
          <Line2 xsi:nil="true"></Line2>
          <Line3 xsi:nil="true"></Line3>
          <Longitude xsi:nil="true"></Longitude>
          <Name xsi:nil="true"></Name>
          <PostalCode xsi:nil="true"></PostalCode>
          <PostOfficeBox xsi:nil="true"></PostOfficeBox>
          <PrimaryContactName xsi:nil="true"></PrimaryContactName>
          <ShippingMethodCode>1</ShippingMethodCode>
          <StateOrProvince xsi:nil="true"></StateOrProvince>
          <Telephone1 xsi:nil="true"></Telephone1>
          <Telephone2 xsi:nil="true"></Telephone2>
          <Telephone3 xsi:nil="true"></Telephone3>
          <TimeZoneRuleVersionNumber xsi:nil="true"></TimeZoneRuleVersionNumber>
          <UPSZone xsi:nil="true"></UPSZone>
          <UTCOffset xsi:nil="true"></UTCOffset>
          <UTCConversionTimeZoneCode xsi:nil="true"></UTCConversionTimeZoneCode>
        </Address>
      </Addresses>
    </Publisher>
    <RootComponents>
      <RootComponent type="1" schemaName="aaduser" behavior="1" />
      <RootComponent type="1" schemaName="account" behavior="1" />
      <RootComponent type="1" schemaName="contact" behavior="1" />
      <RootComponent type="1" schemaName="cps_dailychallenge" behavior="0" />
      <RootComponent type="1" schemaName="cps_dailychallengeentry" behavior="0" />
      <RootComponent type="1" schemaName="cps_whereonearthsettings" behavior="0" />
      <RootComponent type="1" schemaName="systemuser" behavior="1" />
      <RootComponent type="9" schemaName="cps_photosource" behavior="0" />
      <RootComponent type="29" id="{3dec5f22-f351-ed11-9562-0022481b7378}" behavior="0" />
      <RootComponent type="29" id="{538da78b-b850-ed11-bba2-0022481b7378}" behavior="0" />
      <RootComponent type="29" id="{5fc25cc9-1053-ed11-9562-0022481b7378}" behavior="0" />
      <RootComponent type="29" id="{64ed3740-eb4f-ed11-bba2-0022481b7378}" behavior="0" />
      <RootComponent type="29" id="{67f04c29-e155-ed11-9563-0022481b7378}" behavior="0" />
      <RootComponent type="29" id="{c3b9c4a8-de55-ed11-9563-0022481b7378}" behavior="0" />
      <RootComponent type="29" id="{d602135b-6551-ed11-bba2-0022481b7378}" behavior="0" />
      <RootComponent type="29" id="{e2f16f66-0e51-ed11-bba2-0022481b7378}" behavior="0" />
      <RootComponent type="29" id="{edc4ecbb-6950-ed11-bba2-0022481b7378}" behavior="0" />
      <RootComponent type="29" id="{f7f7c3c9-f955-ed11-9563-0022481b7378}" behavior="0" />
    </RootComponents>
    <MissingDependencies>
      <MissingDependency>
        <Required type="1" schemaName="aaduser" displayName="AAD User" solution="MetadataExtension (1.0.2.23)" />
        <Dependent type="1" schemaName="aaduser" displayName="AAD User" />
      </MissingDependency>
      <MissingDependency>
        <Required type="1" schemaName="aaduser" displayName="AAD User" solution="MetadataExtension (1.0.2.23)" />
        <Dependent type="10" schemaName="cps_cps_dailychallenge_Winner_aaduser" displayName="cps_cps_dailychallenge_Winner_aaduser" parentSchemaName="aaduser" parentDisplayName="AAD User" />
      </MissingDependency>
      <MissingDependency>
        <Required type="2" schemaName="aaduserid" displayName="AAD user id" parentSchemaName="aaduser" parentDisplayName="AAD User" solution="MetadataExtension (1.0.2.23)" />
        <Dependent type="10" schemaName="cps_cps_dailychallenge_Winner_aaduser" displayName="cps_cps_dailychallenge_Winner_aaduser" parentSchemaName="aaduser" parentDisplayName="AAD User" />
      </MissingDependency>
      <MissingDependency>
        <Required type="2" schemaName="displayname" displayName="Display Name" parentSchemaName="aaduser" parentDisplayName="AAD User" solution="MetadataExtension (1.0.2.23)" />
        <Dependent type="10" schemaName="cps_cps_dailychallenge_Winner_aaduser" displayName="cps_cps_dailychallenge_Winner_aaduser" parentSchemaName="aaduser" parentDisplayName="AAD User" />
      </MissingDependency>
    </MissingDependencies>
  </SolutionManifest>
</ImportExportXml>