<environmentvariabledefinition schemaname="cps_BingRegions">
  <defaultvalue>{"values":[{"CountryIndex":0,"Country":"UK","CountryCode":"en-UK"},{"CountryIndex":1,"Country": "Germany","CountryCode": "de-DE"},{"CountryIndex":2,"Country": "Australia","CountryCode": "en-AU"},{"CountryIndex":3,"Country": "Canada","CountryCode": "en-CA"},{"CountryIndex":4,"Country": "New Zealand","CountryCode": "en-NZ"},{"CountryIndex":5,"Country": "USA","CountryCode": "en-US"},{"CountryIndex":6,"Country": "Japan","CountryCode": "ja-JP"},{"CountryIndex":7,"Country": "China","CountryCode": "zh-CN"} ]}</defaultvalue>
  <description default="List of available Bing Regions">
    <label description="List of available Bing Regions" languagecode="1033" />
  </description>
  <displayname default="Bing Regions">
    <label description="Bing Regions" languagecode="1033" />
  </displayname>
  <introducedversion>1.0.0.7</introducedversion>
  <iscustomizable>1</iscustomizable>
  <isrequired>0</isrequired>
  <secretstore>0</secretstore>
  <type>100000003</type>
</environmentvariabledefinition>