{
  "properties": {
    "connectionReferences": {
      "shared_commondataserviceforapps": {
        "runtimeSource": "embedded",
        "connection": {
          "connectionReferenceLogicalName": "cps_sharedcommondataserviceforapps_58ff7"
        },
        "api": {
          "name": "shared_commondataserviceforapps"
        }
      },
      "shared_teams": {
        "runtimeSource": "embedded",
        "connection": {
          "connectionReferenceLogicalName": "cps_sharedteams_2b361"
        },
        "api": {
          "name": "shared_teams"
        }
      },
      "shared_teams_1": {
        "runtimeSource": "embedded",
        "connection": {
          "connectionReferenceLogicalName": "cps_sharedteams_43ed4"
        },
        "api": {
          "name": "shared_teams"
        }
      },
      "shared_azuread": {
        "runtimeSource": "embedded",
        "connection": {
          "connectionReferenceLogicalName": "cps_sharedazuread_a8efd"
        },
        "api": {
          "name": "shared_azuread"
        }
      }
    },
    "definition": {
      "$schema": "https://schema.management.azure.com/providers/Microsoft.Logic/schemas/2016-06-01/workflowdefinition.json#",
      "contentVersion": "1.0.0.0",
      "parameters": {
        "$connections": {
          "defaultValue": {},
          "type": "Object"
        },
        "$authentication": {
          "defaultValue": {},
          "type": "SecureObject"
        },
        "TeamId (cps_TeamId)": {
          "defaultValue": "6e1ce11b-8e8e-4d97-95c1-6d3b82aa0558",
          "type": "String",
          "metadata": {
            "schemaName": "cps_TeamId",
            "description": "ID of the Team used for messaging"
          }
        },
        "ChannelId (cps_ChannelId)": {
          "defaultValue": "19:dac6217e982644d4adc7548b3b871fef@thread.tacv2",
          "type": "String",
          "metadata": {
            "schemaName": "cps_ChannelId",
            "description": "ID of the channel that the conversations take place in"
          }
        },
        "Google Maps Key (cps_GoogleMapsKey)": {
          "defaultValue": "AIzaSyCYvbWAenbXXt_u0P0dFtLnujJ8mFp5M5o",
          "type": "String",
          "metadata": {
            "schemaName": "cps_GoogleMapsKey"
          }
        },
        "Distance Between Points URL (cps_DistanceBetweenPointsURL)": {
          "defaultValue": "https://whereonearthdistancecalculator.azurewebsites.net/api/CalculateDistance?code=u-Sxv_GGpCxK2vL12W10RQYBxMfGSdTuDyOxYLnxs0lUAzFu9rCtvA==",
          "type": "String",
          "metadata": {
            "schemaName": "cps_DistanceBetweenPointsURL"
          }
        }
      },
      "triggers": {
        "When_keywords_are_mentioned": {
          "metadata": {
            "operationMetadataId": "4db023bf-bfa9-49f4-b90f-12ba35520a8d"
          },
          "type": "OpenApiConnectionWebhook",
          "inputs": {
            "host": {
              "connectionName": "shared_teams",
              "operationId": "WebhookKeywordTrigger",
              "apiId": "/providers/Microsoft.PowerApps/apis/shared_teams"
            },
            "parameters": {
              "threadType": "channel",
              "$search": "WOE",
              "requestBody/groupId": "@parameters('TeamId (cps_TeamId)')",
              "requestBody/channels": [
                "@parameters('ChannelId (cps_ChannelId)')"
              ]
            },
            "authentication": "@parameters('$authentication')"
          }
        }
      },
      "actions": {
        "Initialize_UserId": {
          "runAfter": {},
          "metadata": {
            "operationMetadataId": "e2a485d0-a3ec-4b7f-b1fd-ee06c32cd2f4"
          },
          "type": "InitializeVariable",
          "inputs": {
            "variables": [
              {
                "name": "UserId",
                "type": "string"
              }
            ]
          }
        },
        "Condition": {
          "actions": {
            "Parse_location_response": {
              "runAfter": {
                "HTTP": [
                  "Succeeded"
                ]
              },
              "metadata": {
                "operationMetadataId": "d5de56f5-8b31-4092-936e-e4bf050e06f4"
              },
              "type": "ParseJson",
              "inputs": {
                "content": "@body('HTTP')",
                "schema": {
                  "type": "object",
                  "properties": {
                    "candidates": {
                      "type": "array",
                      "items": {
                        "type": "object",
                        "properties": {
                          "formatted_address": {
                            "type": "string"
                          },
                          "geometry": {
                            "type": "object",
                            "properties": {
                              "location": {
                                "type": "object",
                                "properties": {
                                  "lat": {
                                    "type": "number"
                                  },
                                  "lng": {
                                    "type": "number"
                                  }
                                }
                              },
                              "viewport": {
                                "type": "object",
                                "properties": {
                                  "northeast": {
                                    "type": "object",
                                    "properties": {
                                      "lat": {
                                        "type": "number"
                                      },
                                      "lng": {
                                        "type": "number"
                                      }
                                    }
                                  },
                                  "southwest": {
                                    "type": "object",
                                    "properties": {
                                      "lat": {
                                        "type": "number"
                                      },
                                      "lng": {
                                        "type": "number"
                                      }
                                    }
                                  }
                                }
                              }
                            }
                          },
                          "name": {
                            "type": "string"
                          }
                        },
                        "required": [
                          "formatted_address",
                          "geometry",
                          "name"
                        ]
                      }
                    },
                    "status": {
                      "type": "string"
                    }
                  }
                }
              }
            },
            "Retrieve_current_challenge": {
              "actions": {
                "List_challenges_for_today": {
                  "runAfter": {},
                  "metadata": {
                    "operationMetadataId": "2b5143eb-5a43-455b-bdf6-9d989988a308"
                  },
                  "type": "OpenApiConnection",
                  "inputs": {
                    "host": {
                      "connectionName": "shared_commondataserviceforapps",
                      "operationId": "ListRecords",
                      "apiId": "/providers/Microsoft.PowerApps/apis/shared_commondataserviceforapps"
                    },
                    "parameters": {
                      "entityName": "cps_dailychallenges",
                      "$filter": "cps_publishedtime eq '@{formatDatetime(utcNow(),'yyyy-MM-dd')}'"
                    },
                    "authentication": "@parameters('$authentication')"
                  }
                },
                "Apply_to_each_7": {
                  "foreach": "@outputs('List_challenges_for_today')?['body/value']",
                  "actions": {
                    "Set_Challenge_Latitude": {
                      "runAfter": {},
                      "metadata": {
                        "operationMetadataId": "bfea1eb6-d45e-4dca-9cc1-31e850910b38"
                      },
                      "type": "SetVariable",
                      "inputs": {
                        "name": "Challenge Latitude",
                        "value": "@items('Apply_to_each_7')?['cps_latitude']"
                      }
                    },
                    "Set_Challenge_Longitude": {
                      "runAfter": {
                        "Set_Challenge_Latitude": [
                          "Succeeded"
                        ]
                      },
                      "metadata": {
                        "operationMetadataId": "d6227c9d-f692-4453-a1b1-d206b0dd51fa"
                      },
                      "type": "SetVariable",
                      "inputs": {
                        "name": "Challenge Longitude",
                        "value": "@items('Apply_to_each_7')?['cps_longitude']"
                      }
                    }
                  },
                  "runAfter": {
                    "List_challenges_for_today": [
                      "Succeeded"
                    ]
                  },
                  "metadata": {
                    "operationMetadataId": "22d4c52b-efa0-4173-9449-b1f137c87136"
                  },
                  "type": "Foreach"
                }
              },
              "runAfter": {},
              "metadata": {
                "operationMetadataId": "4e0c1f34-7563-4a63-8f6d-cfa1e6d02840"
              },
              "type": "Scope"
            },
            "HTTP": {
              "runAfter": {
                "Retrieve_current_challenge": [
                  "Succeeded"
                ]
              },
              "metadata": {
                "operationMetadataId": "a9889772-cc7d-4a72-a5f2-0235a29027d3"
              },
              "type": "Http",
              "inputs": {
                "method": "GET",
                "uri": "https://maps.googleapis.com/maps/api/place/findplacefromtext/json?key=@{parameters('Google Maps Key (cps_GoogleMapsKey)')}&input=@{variables('Location Text')}&inputtype=textquery&fields=formatted_address%2Cname%2Crating%2Copening_hours%2Cgeometry"
              }
            },
            "Condition_2": {
              "actions": {
                "Apply_to_each_6": {
                  "foreach": "@body('Parse_location_response')?['candidates']",
                  "actions": {
                    "Set_Guess_Latitude": {
                      "runAfter": {},
                      "metadata": {
                        "operationMetadataId": "45d95821-e734-462f-aa98-161ce69a787e"
                      },
                      "type": "SetVariable",
                      "inputs": {
                        "name": "Guess Latitude",
                        "value": "@items('Apply_to_each_6')?['geometry']?['location']?['lat']"
                      }
                    },
                    "Set_Guess_Longitude": {
                      "runAfter": {
                        "Set_Guess_Latitude": [
                          "Succeeded"
                        ]
                      },
                      "metadata": {
                        "operationMetadataId": "e0eea2e6-e82a-4ead-94fc-d7ecce6b5123"
                      },
                      "type": "SetVariable",
                      "inputs": {
                        "name": "Guess Longitude",
                        "value": "@items('Apply_to_each_6')?['geometry']?['location']?['lng']"
                      }
                    }
                  },
                  "runAfter": {},
                  "metadata": {
                    "operationMetadataId": "033b6529-8869-4ec5-a5b5-7979f751e97c"
                  },
                  "type": "Foreach"
                },
                "Apply_to_each_5": {
                  "foreach": "@body('Parse_location_response')?['candidates']",
                  "actions": {
                    "Get_distance_from_actual": {
                      "actions": {
                        "Get_distance_between_points": {
                          "runAfter": {},
                          "metadata": {
                            "operationMetadataId": "9ccbf473-6f2b-47fa-8883-c20525e79f12"
                          },
                          "type": "Http",
                          "inputs": {
                            "method": "GET",
                            "uri": "@{parameters('Distance Between Points URL (cps_DistanceBetweenPointsURL)')}&guessLatitude=@{variables('Guess Latitude')}&guessLongitude=@{variables('Guess Longitude')}&actualLatitude=@{variables('Challenge Latitude')}&actualLongitude=@{variables('Challenge Longitude')}"
                          }
                        },
                        "Set_distance_from_actual": {
                          "runAfter": {
                            "Get_distance_between_points": [
                              "Succeeded"
                            ]
                          },
                          "metadata": {
                            "operationMetadataId": "7bc660da-0092-4af5-bfd0-019625cf71c5"
                          },
                          "type": "SetVariable",
                          "inputs": {
                            "name": "Distance from actual",
                            "value": "@float(body('Get_distance_between_points'))"
                          }
                        }
                      },
                      "runAfter": {},
                      "metadata": {
                        "operationMetadataId": "2382755c-d654-4649-b463-de8c0a272e17"
                      },
                      "type": "Scope"
                    },
                    "Apply_to_each_8": {
                      "foreach": "@triggerOutputs()?['body/value']",
                      "actions": {
                        "Reply_to_say_guess_is_in": {
                          "runAfter": {},
                          "metadata": {
                            "operationMetadataId": "fa44421f-d8b7-4429-9cef-1c14a439e1a7"
                          },
                          "type": "OpenApiConnection",
                          "inputs": {
                            "host": {
                              "connectionName": "shared_teams",
                              "operationId": "ReplyWithMessageToConversation",
                              "apiId": "/providers/Microsoft.PowerApps/apis/shared_teams"
                            },
                            "parameters": {
                              "poster": "Flow bot",
                              "location": "Channel",
                              "body/parentMessageId": "@items('Apply_to_each_8')?['replyToMessageId']",
                              "body/recipient/groupId": "@parameters('TeamId (cps_TeamId)')",
                              "body/recipient/channelId": "@parameters('ChannelId (cps_ChannelId)')",
                              "body/messageBody": "<p>Your guess is in. Watch out later to see how you did.</p>"
                            },
                            "authentication": "@parameters('$authentication')"
                          }
                        }
                      },
                      "runAfter": {
                        "Add_a_new_challenge_entry": [
                          "Succeeded"
                        ]
                      },
                      "metadata": {
                        "operationMetadataId": "84badc3d-123d-4ced-b47e-928de2951288"
                      },
                      "type": "Foreach"
                    },
                    "Add_a_new_challenge_entry": {
                      "runAfter": {
                        "Get_distance_from_actual": [
                          "Succeeded"
                        ]
                      },
                      "metadata": {
                        "operationMetadataId": "d7fe36ec-b623-44a9-b36d-5caf1bfc998d"
                      },
                      "type": "OpenApiConnection",
                      "inputs": {
                        "host": {
                          "connectionName": "shared_commondataserviceforapps",
                          "operationId": "CreateRecord",
                          "apiId": "/providers/Microsoft.PowerApps/apis/shared_commondataserviceforapps"
                        },
                        "parameters": {
                          "entityName": "cps_dailychallengeentries",
                          "item/cps_name": "@{variables('User Email')}-@{formatDateTime(utcNow(),'yyyy-MM-dd')}",
                          "item/cps_distancefrom": "@variables('Distance from actual')",
                          "item/cps_imageresponse": "@items('Apply_to_each_5')?['name']",
                          "item/cps_latitude": "@items('Apply_to_each_5')?['geometry']?['location']?['lat']",
                          "item/cps_longitude": "@items('Apply_to_each_5')?['geometry']?['location']?['lng']",
                          "item/cps_submitteddate": "@formatDateTime(utcNow(),'yyyy-MM-dd')",
                          "item/cps_submitterdisplayname": "@variables('User Display Name')",
                          "item/cps_submitteremail": "@variables('User Email')",
                          "item/cps_submitteraadid": "@variables('UserId')"
                        },
                        "authentication": "@parameters('$authentication')"
                      }
                    }
                  },
                  "runAfter": {
                    "Apply_to_each_6": [
                      "Succeeded"
                    ]
                  },
                  "metadata": {
                    "operationMetadataId": "dd51bc41-3018-4a4c-8559-269b9fa7c9ca"
                  },
                  "type": "Foreach"
                }
              },
              "runAfter": {
                "Parse_location_response": [
                  "Succeeded"
                ]
              },
              "else": {
                "actions": {
                  "Apply_to_each_9": {
                    "foreach": "@triggerOutputs()?['body/value']",
                    "actions": {
                      "Reply_with_a_message_in_a_channel": {
                        "runAfter": {},
                        "metadata": {
                          "operationMetadataId": "e087cfe4-4a25-469d-9dc4-2c830ca381f8"
                        },
                        "type": "OpenApiConnection",
                        "inputs": {
                          "host": {
                            "connectionName": "shared_teams_1",
                            "operationId": "ReplyWithMessageToConversation",
                            "apiId": "/providers/Microsoft.PowerApps/apis/shared_teams"
                          },
                          "parameters": {
                            "poster": "Flow bot",
                            "location": "Channel",
                            "body/parentMessageId": "@items('Apply_to_each_9')?['replyToMessageId']",
                            "body/recipient/groupId": "@parameters('TeamId (cps_TeamId)')",
                            "body/recipient/channelId": "@parameters('ChannelId (cps_ChannelId)')",
                            "body/messageBody": "<p>Sorry, we couldn't find the location @{variables('Location Text')} - could you try again? Just type WOE followed by a space and then the location name. Try not to add any witty comments right now, it doesn't help my brain.</p>"
                          },
                          "authentication": "@parameters('$authentication')"
                        }
                      }
                    },
                    "runAfter": {},
                    "metadata": {
                      "operationMetadataId": "1014986a-2be5-4a44-a44d-eddac35678e3"
                    },
                    "type": "Foreach"
                  }
                }
              },
              "expression": {
                "greater": [
                  "@length(body('Parse_location_response')?['candidates'])",
                  0
                ]
              },
              "metadata": {
                "operationMetadataId": "3aec857e-40c6-4e9f-be26-29d283ca4153"
              },
              "type": "If"
            }
          },
          "runAfter": {
            "Retrieve_User_Details": [
              "Succeeded"
            ]
          },
          "else": {
            "actions": {
              "Apply_to_each_3": {
                "foreach": "@triggerOutputs()?['body/value']",
                "actions": {
                  "Reply_that_guess_already_made": {
                    "runAfter": {},
                    "metadata": {
                      "operationMetadataId": "bf56868c-e2b3-44d2-9335-f9288fa036ea"
                    },
                    "type": "OpenApiConnection",
                    "inputs": {
                      "host": {
                        "connectionName": "shared_teams",
                        "operationId": "ReplyWithMessageToConversation",
                        "apiId": "/providers/Microsoft.PowerApps/apis/shared_teams"
                      },
                      "parameters": {
                        "poster": "Flow bot",
                        "location": "Channel",
                        "body/parentMessageId": "@items('Apply_to_each_3')?['replyToMessageId']",
                        "body/recipient/groupId": "6e1ce11b-8e8e-4d97-95c1-6d3b82aa0558",
                        "body/recipient/channelId": "19:dac6217e982644d4adc7548b3b871fef@thread.tacv2",
                        "body/messageBody": "<p>Sorry, you have already made your guess for today</p>"
                      },
                      "authentication": "@parameters('$authentication')"
                    }
                  }
                },
                "runAfter": {},
                "metadata": {
                  "operationMetadataId": "0061b1b0-6f15-40d0-b06b-854a6b6d87b0"
                },
                "type": "Foreach"
              }
            }
          },
          "expression": {
            "equals": [
              "@length(outputs('List_rows')?['body/value'])",
              0
            ]
          },
          "metadata": {
            "operationMetadataId": "d7fd1aea-2815-4bf3-81e4-77dbed8821b6"
          },
          "type": "If"
        },
        "Retrieve_User_Details": {
          "actions": {
            "Apply_to_each": {
              "foreach": "@triggerOutputs()?['body/value']",
              "actions": {
                "Get_message_details": {
                  "runAfter": {},
                  "metadata": {
                    "operationMetadataId": "915299f6-c30e-460b-ae92-15d68b3f4d2d"
                  },
                  "type": "OpenApiConnection",
                  "inputs": {
                    "host": {
                      "connectionName": "shared_teams",
                      "operationId": "GetMessageDetails",
                      "apiId": "/providers/Microsoft.PowerApps/apis/shared_teams"
                    },
                    "parameters": {
                      "messageId": "@items('Apply_to_each')?['messageId']",
                      "threadType": "channel",
                      "body/recipient/groupId": "@parameters('TeamId (cps_TeamId)')",
                      "body/recipient/channelId": "@parameters('ChannelId (cps_ChannelId)')",
                      "body/recipient/parentMessageId": "@items('Apply_to_each')?['replyToMessageId']"
                    },
                    "authentication": "@parameters('$authentication')"
                  }
                },
                "Set_User_Id": {
                  "runAfter": {
                    "Get_message_details": [
                      "Succeeded"
                    ]
                  },
                  "metadata": {
                    "operationMetadataId": "fa06ff24-16a3-4050-9990-f5fe8c6e5e7f"
                  },
                  "type": "SetVariable",
                  "inputs": {
                    "name": "UserId",
                    "value": "@outputs('Get_message_details')?['body/from/user/id']"
                  }
                },
                "Set_Display_Name": {
                  "runAfter": {
                    "Set_User_Id": [
                      "Succeeded"
                    ]
                  },
                  "metadata": {
                    "operationMetadataId": "3c8c432e-b84c-4b7b-9d37-d492ecafb6ce"
                  },
                  "type": "SetVariable",
                  "inputs": {
                    "name": "User Display Name",
                    "value": "@outputs('Get_message_details')?['body/from/user/displayName']"
                  }
                },
                "Get_user": {
                  "runAfter": {
                    "Set_Display_Name": [
                      "Succeeded"
                    ]
                  },
                  "metadata": {
                    "operationMetadataId": "414a4692-3f6b-45b9-ae0f-7c18cf08cd75"
                  },
                  "type": "OpenApiConnection",
                  "inputs": {
                    "host": {
                      "connectionName": "shared_azuread",
                      "operationId": "GetUser",
                      "apiId": "/providers/Microsoft.PowerApps/apis/shared_azuread"
                    },
                    "parameters": {
                      "id": "@variables('UserId')"
                    },
                    "authentication": "@parameters('$authentication')"
                  }
                },
                "Set_email": {
                  "runAfter": {
                    "Get_user": [
                      "Succeeded"
                    ]
                  },
                  "metadata": {
                    "operationMetadataId": "d93bba3b-9f1a-4079-b930-e1badd6e9b18"
                  },
                  "type": "SetVariable",
                  "inputs": {
                    "name": "User Email",
                    "value": "@outputs('Get_user')?['body/userPrincipalName']"
                  }
                }
              },
              "runAfter": {},
              "metadata": {
                "operationMetadataId": "c8eebc3d-b4e6-4cb8-9410-5c08801fc1e9"
              },
              "type": "Foreach"
            },
            "List_rows": {
              "runAfter": {
                "Apply_to_each": [
                  "Succeeded"
                ]
              },
              "metadata": {
                "operationMetadataId": "d20fe988-b851-4fe7-8d6d-80a3cf6a4827"
              },
              "type": "OpenApiConnection",
              "inputs": {
                "host": {
                  "connectionName": "shared_commondataserviceforapps",
                  "operationId": "ListRecords",
                  "apiId": "/providers/Microsoft.PowerApps/apis/shared_commondataserviceforapps"
                },
                "parameters": {
                  "entityName": "cps_dailychallengeentries",
                  "$filter": "cps_submitteraadid eq '@{variables('UserId')}' and cps_submitteddate eq '@{formatDateTime(utcNow(),'yyyy-MM-dd')}'"
                },
                "authentication": "@parameters('$authentication')"
              }
            }
          },
          "runAfter": {
            "Apply_to_each_4": [
              "Succeeded"
            ]
          },
          "metadata": {
            "operationMetadataId": "d6dec7be-f25a-474f-a0da-a09028e64cae"
          },
          "type": "Scope"
        },
        "Apply_to_each_4": {
          "foreach": "@triggerOutputs()?['body/value']",
          "actions": {
            "Retrieve_message": {
              "runAfter": {},
              "metadata": {
                "operationMetadataId": "40777af3-086c-4048-8639-a33ba7a90d82"
              },
              "type": "OpenApiConnection",
              "inputs": {
                "host": {
                  "connectionName": "shared_teams",
                  "operationId": "GetMessageDetails",
                  "apiId": "/providers/Microsoft.PowerApps/apis/shared_teams"
                },
                "parameters": {
                  "messageId": "@items('Apply_to_each_4')?['messageId']",
                  "threadType": "channel",
                  "body/recipient/groupId": "@parameters('TeamId (cps_TeamId)')",
                  "body/recipient/channelId": "@parameters('ChannelId (cps_ChannelId)')",
                  "body/recipient/parentMessageId": "@items('Apply_to_each_4')?['replyToMessageId']"
                },
                "authentication": "@parameters('$authentication')"
              }
            },
            "Set_Location_Text": {
              "runAfter": {
                "Retrieve_message": [
                  "Succeeded"
                ]
              },
              "metadata": {
                "operationMetadataId": "66dffe5b-4c16-4921-834c-44e183370a37"
              },
              "type": "SetVariable",
              "inputs": {
                "name": "Location Text",
                "value": "@{replace(outputs('Retrieve_message')['body/body/plainTextContent'],'WOE ','')}"
              }
            }
          },
          "runAfter": {
            "Initialize_radius_of_earth": [
              "Succeeded"
            ]
          },
          "metadata": {
            "operationMetadataId": "df914328-7665-4db0-8572-5625fd396094"
          },
          "type": "Foreach"
        },
        "Initialize_Location_Text": {
          "runAfter": {
            "Initialize_User_Email": [
              "Succeeded"
            ]
          },
          "metadata": {
            "operationMetadataId": "8ba6a8b4-201c-4c90-925c-f4a20c4cce6c"
          },
          "type": "InitializeVariable",
          "inputs": {
            "variables": [
              {
                "name": "Location Text",
                "type": "string"
              }
            ]
          }
        },
        "Initialize_Guess_Latitude": {
          "runAfter": {
            "Initialize_Location_Text": [
              "Succeeded"
            ]
          },
          "metadata": {
            "operationMetadataId": "1961f8fe-758d-4e4f-bb79-b2f0aeda77bd"
          },
          "type": "InitializeVariable",
          "inputs": {
            "variables": [
              {
                "name": "Guess Latitude",
                "type": "float"
              }
            ]
          }
        },
        "Initialize_Guess_Longitude": {
          "runAfter": {
            "Initialize_Guess_Latitude": [
              "Succeeded"
            ]
          },
          "metadata": {
            "operationMetadataId": "e3ae3228-6576-4b71-bb76-e3f559b9aada"
          },
          "type": "InitializeVariable",
          "inputs": {
            "variables": [
              {
                "name": "Guess Longitude",
                "type": "float"
              }
            ]
          }
        },
        "Initialize_Challenge_Latitude": {
          "runAfter": {
            "Initialize_Guess_Longitude": [
              "Succeeded"
            ]
          },
          "metadata": {
            "operationMetadataId": "a7e7ff4f-3fc7-4986-ba57-9029b9a01f2f"
          },
          "type": "InitializeVariable",
          "inputs": {
            "variables": [
              {
                "name": "Challenge Latitude",
                "type": "float"
              }
            ]
          }
        },
        "Initialize_Challenge_Longitude": {
          "runAfter": {
            "Initialize_Challenge_Latitude": [
              "Succeeded"
            ]
          },
          "metadata": {
            "operationMetadataId": "f0329d42-e07c-400d-8ed0-f1b28e64a465"
          },
          "type": "InitializeVariable",
          "inputs": {
            "variables": [
              {
                "name": "Challenge Longitude",
                "type": "float"
              }
            ]
          }
        },
        "Initialize_Magic_Number": {
          "runAfter": {
            "Initialize_distance_from_original": [
              "Succeeded"
            ]
          },
          "metadata": {
            "operationMetadataId": "fa877946-293e-40ee-856f-eac31d2244e3"
          },
          "type": "InitializeVariable",
          "inputs": {
            "variables": [
              {
                "name": "Magic Number",
                "type": "float",
                "value": "@div(22,mul(7,180))"
              }
            ]
          },
          "description": "This is used in the distance calculation and is Pi divided by 180"
        },
        "Initialize_radius_of_earth": {
          "runAfter": {
            "Initialize_Magic_Number": [
              "Succeeded"
            ]
          },
          "metadata": {
            "operationMetadataId": "b05eb085-6272-42a3-ad7f-7b3c9f148b06"
          },
          "type": "InitializeVariable",
          "inputs": {
            "variables": [
              {
                "name": "Radius of Earth in KM",
                "type": "float",
                "value": 6367.4445
              }
            ]
          }
        },
        "Initialize_distance_from_original": {
          "runAfter": {
            "Initialize_Challenge_Longitude": [
              "Succeeded"
            ]
          },
          "metadata": {
            "operationMetadataId": "d616727b-c318-40d2-92c7-4d4a203a88d5"
          },
          "type": "InitializeVariable",
          "inputs": {
            "variables": [
              {
                "name": "Distance from actual",
                "type": "float"
              }
            ]
          }
        },
        "Initialize_User_Display_Name": {
          "runAfter": {
            "Initialize_UserId": [
              "Succeeded"
            ]
          },
          "metadata": {
            "operationMetadataId": "0e05ddf2-d631-4dbe-a143-b5517e86975b"
          },
          "type": "InitializeVariable",
          "inputs": {
            "variables": [
              {
                "name": "User Display Name",
                "type": "string"
              }
            ]
          }
        },
        "Initialize_User_Email": {
          "runAfter": {
            "Initialize_User_Display_Name": [
              "Succeeded"
            ]
          },
          "metadata": {
            "operationMetadataId": "df98bb5f-258f-442e-9621-65d2c0bd91d6"
          },
          "type": "InitializeVariable",
          "inputs": {
            "variables": [
              {
                "name": "User Email",
                "type": "string"
              }
            ]
          }
        }
      }
    },
    "templateName": ""
  },
  "schemaVersion": "1.0.0.0"
}