{
  "properties": {
    "connectionReferences": {
      "shared_teams": {
        "runtimeSource": "embedded",
        "connection": {
          "connectionReferenceLogicalName": "cps_sharedteams_43ed4"
        },
        "api": {
          "name": "shared_teams"
        }
      }
    },
    "definition": {
      "$schema": "https://schema.management.azure.com/providers/Microsoft.Logic/schemas/2016-06-01/workflowdefinition.json#",
      "contentVersion": "1.0.0.0",
      "parameters": {
        "$connections": {
          "defaultValue": {},
          "type": "Object"
        },
        "$authentication": {
          "defaultValue": {},
          "type": "SecureObject"
        },
        "TeamId (cps_TeamId)": {
          "defaultValue": "6e1ce11b-8e8e-4d97-95c1-6d3b82aa0558",
          "type": "String",
          "metadata": {
            "schemaName": "cps_TeamId",
            "description": "ID of the Team used for messaging"
          }
        },
        "ChannelId (cps_ChannelId)": {
          "defaultValue": "19:dac6217e982644d4adc7548b3b871fef@thread.tacv2",
          "type": "String",
          "metadata": {
            "schemaName": "cps_ChannelId",
            "description": "ID of the channel that the conversations take place in"
          }
        }
      },
      "triggers": {
        "Recurrence": {
          "recurrence": {
            "frequency": "Day",
            "interval": 1,
            "startTime": "2022-10-27T16:15:00Z"
          },
          "metadata": {
            "operationMetadataId": "d64cc605-126b-4585-bebf-fdeb144735ec"
          },
          "type": "Recurrence"
        }
      },
      "actions": {
        "Post_message_in_a_chat_or_channel": {
          "runAfter": {},
          "metadata": {
            "operationMetadataId": "af6b6ff3-14a4-41a3-9279-71d00aa1eaa7"
          },
          "type": "OpenApiConnection",
          "inputs": {
            "host": {
              "connectionName": "shared_teams",
              "operationId": "PostMessageToConversation",
              "apiId": "/providers/Microsoft.PowerApps/apis/shared_teams"
            },
            "parameters": {
              "poster": "Flow bot",
              "location": "Channel",
              "body/recipient/groupId": "@parameters('TeamId (cps_TeamId)')",
              "body/recipient/channelId": "@parameters('ChannelId (cps_ChannelId)')",
              "body/messageBody": "<p>It's time to go! CheckResults</p>"
            },
            "authentication": "@parameters('$authentication')"
          }
        }
      }
    },
    "templateName": null
  },
  "schemaVersion": "1.0.0.0"
}