{
  "properties": {
    "connectionReferences": {},
    "definition": {
      "$schema": "https://schema.management.azure.com/providers/Microsoft.Logic/schemas/2016-06-01/workflowdefinition.json#",
      "contentVersion": "1.0.0.0",
      "parameters": {
        "$authentication": {
          "defaultValue": {},
          "type": "SecureObject"
        },
        "Bing Regions (cps_BingRegions)": {
          "defaultValue": {
            "values": [
              {
                "CountryIndex": 0,
                "Country": "UK",
                "CountryCode": "en-UK"
              },
              {
                "CountryIndex": 1,
                "Country": "Germany",
                "CountryCode": "de-DE"
              },
              {
                "CountryIndex": 2,
                "Country": "Australia",
                "CountryCode": "en-AU"
              },
              {
                "CountryIndex": 3,
                "Country": "Canada",
                "CountryCode": "en-CA"
              },
              {
                "CountryIndex": 4,
                "Country": "New Zealand",
                "CountryCode": "en-NZ"
              },
              {
                "CountryIndex": 5,
                "Country": "USA",
                "CountryCode": "en-US"
              },
              {
                "CountryIndex": 6,
                "Country": "Japan",
                "CountryCode": "ja-JP"
              },
              {
                "CountryIndex": 7,
                "Country": "China",
                "CountryCode": "zh-CN"
              }
            ]
          },
          "type": "Object",
          "metadata": {
            "schemaName": "cps_BingRegions",
            "description": "List of available Bing Regions"
          }
        }
      },
      "triggers": {
        "manual": {
          "metadata": {
            "operationMetadataId": "a836c8d8-edfa-4e25-ab69-1fac130de65b"
          },
          "type": "Request",
          "kind": "Button",
          "inputs": {
            "schema": {
              "type": "object",
              "properties": {
                "number": {
                  "title": "BingRegionIndex",
                  "type": "number",
                  "x-ms-dynamically-added": true,
                  "description": "Please enter a number",
                  "x-ms-content-hint": "NUMBER"
                }
              },
              "required": [
                "number"
              ]
            }
          }
        }
      },
      "actions": {
        "Initialize_Bing_Region": {
          "runAfter": {},
          "metadata": {
            "operationMetadataId": "1e142ffa-a94e-46dd-aa16-235a70ea7ce0"
          },
          "type": "InitializeVariable",
          "inputs": {
            "variables": [
              {
                "name": "Bing Region",
                "type": "string"
              }
            ]
          }
        },
        "Initialize_Bing_Country": {
          "runAfter": {
            "Initialize_Bing_Region": [
              "Succeeded"
            ]
          },
          "metadata": {
            "operationMetadataId": "6644b4b2-eac9-4e15-bbb1-a77593f17471"
          },
          "type": "InitializeVariable",
          "inputs": {
            "variables": [
              {
                "name": "Bing Country",
                "type": "string"
              }
            ]
          }
        },
        "Respond_to_a_PowerApp_or_flow": {
          "runAfter": {
            "Get_Country_and_Region": [
              "Succeeded"
            ]
          },
          "metadata": {
            "operationMetadataId": "8aaeb20a-273b-4e9e-88fb-d7427654c188"
          },
          "type": "Response",
          "kind": "PowerApp",
          "inputs": {
            "statusCode": 200,
            "body": {
              "bing_country": "@variables('Bing Country')",
              "bing_region": "@variables('Bing Region')"
            },
            "schema": {
              "type": "object",
              "properties": {
                "bing_country": {
                  "title": "Bing Country",
                  "x-ms-dynamically-added": true,
                  "type": "string"
                },
                "bing_region": {
                  "title": "Bing Region",
                  "x-ms-dynamically-added": true,
                  "type": "string"
                }
              }
            }
          }
        },
        "Get_Country_and_Region": {
          "actions": {
            "Parse_JSON": {
              "runAfter": {},
              "metadata": {
                "operationMetadataId": "f8e76a46-4723-43a3-b589-1182ef076b2a"
              },
              "type": "ParseJson",
              "inputs": {
                "content": "@parameters('Bing Regions (cps_BingRegions)')",
                "schema": {
                  "type": "object",
                  "properties": {
                    "values": {
                      "type": "array",
                      "items": {
                        "type": "object",
                        "properties": {
                          "CountryIndex": {
                            "type": "integer"
                          },
                          "Country": {
                            "type": "string"
                          },
                          "CountryCode": {
                            "type": "string"
                          }
                        },
                        "required": [
                          "CountryIndex",
                          "Country",
                          "CountryCode"
                        ]
                      }
                    }
                  }
                }
              }
            },
            "Apply_to_each": {
              "foreach": "@body('Parse_JSON')?['values']",
              "actions": {
                "Set_variable": {
                  "runAfter": {},
                  "metadata": {
                    "operationMetadataId": "4aa76264-3a00-48b0-8bbf-395801dbe819"
                  },
                  "type": "SetVariable",
                  "inputs": {
                    "name": "Bing Country",
                    "value": "@items('Apply_to_each')?['Country']"
                  }
                },
                "Condition": {
                  "actions": {
                    "Set_Bing_Country": {
                      "runAfter": {},
                      "metadata": {
                        "operationMetadataId": "6fb70f38-ce91-49bf-bd37-6396118b5208"
                      },
                      "type": "SetVariable",
                      "inputs": {
                        "name": "Bing Country",
                        "value": "@items('Apply_to_each')?['Country']"
                      }
                    },
                    "Set_Bing_Region": {
                      "runAfter": {
                        "Set_Bing_Country": [
                          "Succeeded"
                        ]
                      },
                      "metadata": {
                        "operationMetadataId": "24e47632-6e30-41a5-8c14-96f62164af30"
                      },
                      "type": "SetVariable",
                      "inputs": {
                        "name": "Bing Region",
                        "value": "@items('Apply_to_each')?['CountryCode']"
                      }
                    }
                  },
                  "runAfter": {
                    "Set_variable": [
                      "Succeeded"
                    ]
                  },
                  "expression": {
                    "equals": [
                      "@items('Apply_to_each')?['CountryIndex']",
                      "@triggerBody()['number']"
                    ]
                  },
                  "metadata": {
                    "operationMetadataId": "71c95a21-5e9e-4031-84f8-ddff4e855fdc"
                  },
                  "type": "If"
                }
              },
              "runAfter": {
                "Parse_JSON": [
                  "Succeeded"
                ]
              },
              "metadata": {
                "operationMetadataId": "6b67fbc3-10f9-47fa-b64a-2ab66b941ed8"
              },
              "type": "Foreach"
            }
          },
          "runAfter": {
            "Initialize_Bing_Country": [
              "Succeeded"
            ]
          },
          "metadata": {
            "operationMetadataId": "2da80a19-1c3a-4109-a57b-b0535e11235c"
          },
          "type": "Scope"
        }
      }
    },
    "templateName": ""
  },
  "schemaVersion": "1.0.0.0"
}