{
  "properties": {
    "connectionReferences": {},
    "definition": {
      "$schema": "https://schema.management.azure.com/providers/Microsoft.Logic/schemas/2016-06-01/workflowdefinition.json#",
      "contentVersion": "1.0.0.0",
      "parameters": {
        "$authentication": {
          "defaultValue": {},
          "type": "SecureObject"
        },
        "Google Maps Key (cps_GoogleMapsKey)": {
          "defaultValue": "AIzaSyCYvbWAenbXXt_u0P0dFtLnujJ8mFp5M5o",
          "type": "String",
          "metadata": {
            "schemaName": "cps_GoogleMapsKey"
          }
        },
        "Conversation Analysis URL (cps_ConversationAnalysisURL)": {
          "defaultValue": "https://whereoneartclu.cognitiveservices.azure.com/language/:analyze-conversations?api-version=2022-05-01",
          "type": "String",
          "metadata": {
            "schemaName": "cps_ConversationAnalysisURL"
          }
        },
        "Conversation Analysis Key (cps_ConversationAnalysisKey)": {
          "defaultValue": "8b2bd6af06b94184adcf64061f258bbc",
          "type": "String",
          "metadata": {
            "schemaName": "cps_ConversationAnalysisKey"
          }
        }
      },
      "triggers": {
        "manual": {
          "metadata": {
            "operationMetadataId": "60eddcc6-63cd-495f-b84c-b0896ebefdbf"
          },
          "type": "Request",
          "kind": "Button",
          "inputs": {
            "schema": {
              "type": "object",
              "properties": {
                "text": {
                  "title": "Bing Region",
                  "type": "string",
                  "x-ms-dynamically-added": true,
                  "description": "Please enter your input",
                  "x-ms-content-hint": "TEXT"
                }
              },
              "required": [
                "text"
              ]
            }
          }
        }
      },
      "actions": {
        "Initialize_Current_Image_Url": {
          "runAfter": {},
          "metadata": {
            "operationMetadataId": "7b568401-1d92-4197-9770-5fb4ad1eab1b"
          },
          "type": "InitializeVariable",
          "inputs": {
            "variables": [
              {
                "name": "Current Image Url",
                "type": "string"
              }
            ]
          }
        },
        "Initialize_Latitude": {
          "runAfter": {
            "Initialize_Current_Image_Url": [
              "Succeeded"
            ]
          },
          "metadata": {
            "operationMetadataId": "f348e8a2-c93f-460f-bf4a-588336b3c42b"
          },
          "type": "InitializeVariable",
          "inputs": {
            "variables": [
              {
                "name": "Latitude",
                "type": "string"
              }
            ]
          }
        },
        "Initialize_Longitude": {
          "runAfter": {
            "Initialize_Latitude": [
              "Succeeded"
            ]
          },
          "metadata": {
            "operationMetadataId": "81e05ad0-9fc2-4210-a7dd-75818f197d01"
          },
          "type": "InitializeVariable",
          "inputs": {
            "variables": [
              {
                "name": "Longitude",
                "type": "string"
              }
            ]
          }
        },
        "Retrieve_current_image": {
          "runAfter": {
            "Initialize_variable": [
              "Succeeded"
            ]
          },
          "metadata": {
            "operationMetadataId": "c85c494e-2104-4247-abd3-959af5e6204a"
          },
          "type": "Http",
          "inputs": {
            "method": "GET",
            "uri": "http://www.bing.com/HPImageArchive.aspx?format=js&idx=0&n=1&mkt=@{variables('Bing Region')}"
          }
        },
        "Parse_JSON": {
          "runAfter": {
            "Retrieve_current_image": [
              "Succeeded"
            ]
          },
          "metadata": {
            "operationMetadataId": "a3b48f6c-8da6-4211-88cd-6cebd01543dd"
          },
          "type": "ParseJson",
          "inputs": {
            "content": "@body('Retrieve_current_image')",
            "schema": {
              "type": "object",
              "properties": {
                "images": {
                  "type": "array",
                  "items": {
                    "type": "object",
                    "properties": {
                      "startdate": {
                        "type": "string"
                      },
                      "fullstartdate": {
                        "type": "string"
                      },
                      "enddate": {
                        "type": "string"
                      },
                      "url": {
                        "type": "string"
                      },
                      "urlbase": {
                        "type": "string"
                      },
                      "copyright": {
                        "type": "string"
                      },
                      "copyrightlink": {
                        "type": "string"
                      },
                      "title": {
                        "type": "string"
                      },
                      "quiz": {
                        "type": "string"
                      },
                      "wp": {
                        "type": "boolean"
                      },
                      "hsh": {
                        "type": "string"
                      },
                      "drk": {
                        "type": "integer"
                      },
                      "top": {
                        "type": "integer"
                      },
                      "bot": {
                        "type": "integer"
                      },
                      "hs": {
                        "type": "array"
                      }
                    },
                    "required": [
                      "startdate",
                      "fullstartdate",
                      "enddate",
                      "url",
                      "urlbase",
                      "copyright",
                      "copyrightlink",
                      "title",
                      "quiz",
                      "wp",
                      "hsh",
                      "drk",
                      "top",
                      "bot",
                      "hs"
                    ]
                  }
                },
                "tooltips": {
                  "type": "object",
                  "properties": {
                    "loading": {
                      "type": "string"
                    },
                    "previous": {
                      "type": "string"
                    },
                    "next": {
                      "type": "string"
                    },
                    "walle": {
                      "type": "string"
                    },
                    "walls": {
                      "type": "string"
                    }
                  }
                }
              }
            }
          }
        },
        "Initialize_variable": {
          "runAfter": {
            "Initialize_LocationText": [
              "Succeeded"
            ]
          },
          "metadata": {
            "operationMetadataId": "e303be81-4cfa-40f0-b5f6-9df78fd9f532"
          },
          "type": "InitializeVariable",
          "inputs": {
            "variables": [
              {
                "name": "Bing Region",
                "type": "string",
                "value": "@triggerBody()['text']"
              }
            ]
          }
        },
        "Initialize_LocationText": {
          "runAfter": {
            "Initialize_Longitude": [
              "Succeeded"
            ]
          },
          "metadata": {
            "operationMetadataId": "69c9afda-8a30-4bde-8e9c-d1541d148884"
          },
          "type": "InitializeVariable",
          "inputs": {
            "variables": [
              {
                "name": "LocationText",
                "type": "string"
              }
            ]
          }
        },
        "Respond_to_a_PowerApp_or_flow": {
          "runAfter": {
            "Apply_to_each": [
              "Succeeded"
            ]
          },
          "metadata": {
            "operationMetadataId": "11e4d39d-66e1-4d74-b161-09e4f5690328"
          },
          "type": "Response",
          "kind": "PowerApp",
          "inputs": {
            "statusCode": 200,
            "body": {
              "currentimageurl": "@variables('Current Image Url')",
              "latitude": "@variables('Latitude')",
              "longitude": "@variables('Longitude')",
              "locationname": "@variables('LocationText')"
            },
            "schema": {
              "type": "object",
              "properties": {
                "currentimageurl": {
                  "title": "CurrentImageUrl",
                  "x-ms-dynamically-added": true,
                  "type": "string"
                },
                "latitude": {
                  "title": "Latitude",
                  "x-ms-dynamically-added": true,
                  "type": "string"
                },
                "longitude": {
                  "title": "Longitude",
                  "x-ms-dynamically-added": true,
                  "type": "string"
                },
                "locationname": {
                  "title": "LocationName",
                  "x-ms-dynamically-added": true,
                  "type": "string"
                }
              }
            }
          }
        },
        "Apply_to_each": {
          "foreach": "@body('Parse_JSON')?['images']",
          "actions": {
            "Apply_to_each_3": {
              "foreach": "@body('Parse_JSON')?['images']",
              "actions": {
                "Set_bing_image_url": {
                  "runAfter": {},
                  "metadata": {
                    "operationMetadataId": "979e860d-2b2a-461c-a2ed-574792925af6"
                  },
                  "type": "SetVariable",
                  "inputs": {
                    "name": "Current Image Url",
                    "value": "https://www.bing.com@{items('Apply_to_each_3')?['url']}"
                  }
                },
                "Apply_to_each_2": {
                  "foreach": "@body('Parse_location_details')?['candidates']",
                  "actions": {
                    "Set_Latitude": {
                      "runAfter": {},
                      "metadata": {
                        "operationMetadataId": "544e1ddd-b6ef-4925-9865-a9da1e4805e0"
                      },
                      "type": "SetVariable",
                      "inputs": {
                        "name": "Latitude",
                        "value": "@{items('Apply_to_each_2')?['geometry']?['location']?['lat']}"
                      }
                    },
                    "Set_Longitude": {
                      "runAfter": {
                        "Set_Latitude": [
                          "Succeeded"
                        ]
                      },
                      "metadata": {
                        "operationMetadataId": "7371f765-c5c8-482a-affe-41a52fab9da2"
                      },
                      "type": "SetVariable",
                      "inputs": {
                        "name": "Longitude",
                        "value": "@{items('Apply_to_each_2')?['geometry']?['location']?['lng']}"
                      }
                    },
                    "Set_Location_Text": {
                      "runAfter": {
                        "Set_Longitude": [
                          "Succeeded"
                        ]
                      },
                      "metadata": {
                        "operationMetadataId": "66d116ad-1f36-4050-aefd-b3c85d62a185"
                      },
                      "type": "SetVariable",
                      "inputs": {
                        "name": "LocationText",
                        "value": "@{body('Parse_JSON_2')?['result']?['prediction']?['entities'][0]?['text']}"
                      }
                    }
                  },
                  "runAfter": {
                    "Set_bing_image_url": [
                      "Succeeded"
                    ]
                  },
                  "metadata": {
                    "operationMetadataId": "5f9bb039-8fc4-4b74-b393-d2ab9f6867da"
                  },
                  "type": "Foreach"
                }
              },
              "runAfter": {
                "Parse_location_details": [
                  "Succeeded"
                ]
              },
              "metadata": {
                "operationMetadataId": "2f6350fd-9067-43fc-885b-5cf1d89f51b7"
              },
              "type": "Foreach"
            },
            "Parse_location_details": {
              "runAfter": {
                "Lookup_location_details_from_Google": [
                  "Succeeded"
                ]
              },
              "metadata": {
                "operationMetadataId": "538482f9-43a3-4fea-bc32-1b18f7eb2074"
              },
              "type": "ParseJson",
              "inputs": {
                "content": "@body('Lookup_location_details_from_Google')",
                "schema": {
                  "type": "object",
                  "properties": {
                    "candidates": {
                      "type": "array",
                      "items": {
                        "type": "object",
                        "properties": {
                          "formatted_address": {
                            "type": "string"
                          },
                          "geometry": {
                            "type": "object",
                            "properties": {
                              "location": {
                                "type": "object",
                                "properties": {
                                  "lat": {
                                    "type": "number"
                                  },
                                  "lng": {
                                    "type": "number"
                                  }
                                }
                              },
                              "viewport": {
                                "type": "object",
                                "properties": {
                                  "northeast": {
                                    "type": "object",
                                    "properties": {
                                      "lat": {
                                        "type": "number"
                                      },
                                      "lng": {
                                        "type": "number"
                                      }
                                    }
                                  },
                                  "southwest": {
                                    "type": "object",
                                    "properties": {
                                      "lat": {
                                        "type": "number"
                                      },
                                      "lng": {
                                        "type": "number"
                                      }
                                    }
                                  }
                                }
                              }
                            }
                          },
                          "name": {
                            "type": "string"
                          }
                        },
                        "required": [
                          "formatted_address",
                          "geometry",
                          "name"
                        ]
                      }
                    },
                    "status": {
                      "type": "string"
                    }
                  }
                }
              }
            },
            "Use_Conversation_Analysis_to_get_Location": {
              "runAfter": {},
              "metadata": {
                "operationMetadataId": "4743c24c-2ad8-4f9c-b633-9d021c112872"
              },
              "type": "Http",
              "inputs": {
                "method": "POST",
                "uri": "@parameters('Conversation Analysis URL (cps_ConversationAnalysisURL)')",
                "headers": {
                  "Ocp-Apim-Subscription-Key": "@parameters('Conversation Analysis Key (cps_ConversationAnalysisKey)')"
                },
                "body": {
                  "kind": "Conversation",
                  "analysisInput": {
                    "conversationItem": {
                      "id": "1",
                      "text": "@{items('Apply_to_each')?['copyright']}",
                      "modality": "text",
                      "language": "en-GB",
                      "participantId": "1"
                    }
                  },
                  "parameters": {
                    "projectName": "WhereOnEarth2",
                    "verbose": true,
                    "deploymentName": "WhereOnEarth2",
                    "stringIndexType": "TextElement_V8"
                  }
                }
              }
            },
            "Lookup_location_details_from_Google": {
              "runAfter": {
                "Parse_JSON_2": [
                  "Succeeded"
                ]
              },
              "metadata": {
                "operationMetadataId": "f9592d4c-a9ad-4a56-b65a-c0d6e4db78f2"
              },
              "type": "Http",
              "inputs": {
                "method": "GET",
                "uri": "https://maps.googleapis.com/maps/api/place/findplacefromtext/json?key=@{parameters('Google Maps Key (cps_GoogleMapsKey)')}&input=@{body('Parse_JSON_2')?['result']?['prediction']?['entities'][0]?['text']}&inputtype=textquery&fields=formatted_address%2Cname%2Crating%2Copening_hours%2Cgeometry"
              }
            },
            "Parse_JSON_2": {
              "runAfter": {
                "Use_Conversation_Analysis_to_get_Location": [
                  "Succeeded"
                ]
              },
              "metadata": {
                "operationMetadataId": "9139434e-4f3b-4967-9905-0c14e416b940"
              },
              "type": "ParseJson",
              "inputs": {
                "content": "@body('Use_Conversation_Analysis_to_get_Location')",
                "schema": {
                  "type": "object",
                  "properties": {
                    "kind": {
                      "type": "string"
                    },
                    "result": {
                      "type": "object",
                      "properties": {
                        "query": {
                          "type": "string"
                        },
                        "prediction": {
                          "type": "object",
                          "properties": {
                            "topIntent": {
                              "type": "string"
                            },
                            "projectKind": {
                              "type": "string"
                            },
                            "intents": {
                              "type": "array",
                              "items": {
                                "type": "object",
                                "properties": {
                                  "category": {
                                    "type": "string"
                                  },
                                  "confidenceScore": {
                                    "type": "number"
                                  }
                                },
                                "required": [
                                  "category",
                                  "confidenceScore"
                                ]
                              }
                            },
                            "entities": {
                              "type": "array",
                              "items": {
                                "type": "object",
                                "properties": {
                                  "category": {
                                    "type": "string"
                                  },
                                  "text": {
                                    "type": "string"
                                  },
                                  "offset": {
                                    "type": "integer"
                                  },
                                  "length": {
                                    "type": "integer"
                                  },
                                  "confidenceScore": {
                                    "type": "number"
                                  },
                                  "extraInformation": {
                                    "type": "array",
                                    "items": {
                                      "type": "object",
                                      "properties": {
                                        "extraInformationKind": {
                                          "type": "string"
                                        },
                                        "value": {
                                          "type": "string"
                                        }
                                      },
                                      "required": [
                                        "extraInformationKind",
                                        "value"
                                      ]
                                    }
                                  }
                                },
                                "required": [
                                  "category",
                                  "text",
                                  "offset",
                                  "length",
                                  "confidenceScore",
                                  "extraInformation"
                                ]
                              }
                            }
                          }
                        }
                      }
                    }
                  }
                }
              }
            }
          },
          "runAfter": {
            "Parse_JSON": [
              "Succeeded"
            ]
          },
          "metadata": {
            "operationMetadataId": "8f34f19f-3c4c-4303-a801-5b8bbe1ce915"
          },
          "type": "Foreach"
        }
      }
    },
    "templateName": ""
  },
  "schemaVersion": "1.0.0.0"
}